Oblast,Datum,Jméno lékaře,Kód obce,Název obce,Ulice,Číslo popisné,Telefon,Ordinační hodiny
Jičín,01.01.2019,MUDr. Tomáš Kosina,573272,Ostroměř,T. G. Masaryka,127,+420493691329,"SO,NE, svátek: 08.00 – 12.00"
Jičín,05. a 06. 01.,MDDr. Filip Král s.r.o.,572659,Jičín,Kukulova,442,+420724236008,"SO,NE, svátek: 08.00 – 12.00"
Jičín,12. a 13. 01.,MUDr. Dana Krykorková,573108,Libáň,Náměstí Svobody,17,+420493598265,"SO,NE, svátek: 08.00 – 12.00"
Jičín,19. a 20. 01.,MUDr. Bohuše Lánská,572659,Jičín,Tyršova,262,+420733184730,"SO,NE, svátek: 08.00 – 12.00"
Jičín,26. a 27. 01.,MUDr. Karel Lenc,572659,Jičín,J. Š. Kubína,531,+420493534019,"SO,NE, svátek: 08.00 – 12.00"
Jičín,02. a 03. 02.,MUDr. Milada Loužilová - Dentální ordinace s.r.o.,573825,Železnice,Náměstí Svobody,11,+420739574923,"SO,NE, svátek: 08.00 – 12.00"
Jičín,09. a 10. 02.,MUDr. Jana Masáková,573248,Nová Paka,Pražská,470,+420493721192,"SO,NE, svátek: 08.00 – 12.00"
Jičín,16. a 17. 02.,MUDr. Otakar Nyklíček,572926,Hořice,Blahoslavova,1368,+420605128667,"SO,NE, svátek: 08.00 – 12.00"
Jičín,23. a 24. 02.,MUDr. Kateřina Ostrčilová,573248,Nová Paka,Petra Bezruče ,1833,+420493722756,"SO,NE, svátek: 08.00 – 12.00"
Jičín,02. a 03. 03.,MDDr. Barbora Sedláčková Jančová,572659,Jičín,Jiráskova ,31,+420721234809,"SO,NE, svátek: 08.00 – 12.00"
Jičín,09. a 10. 03.,MUDr. Selinger Petr s.r.o.,573493,Sobotka,Jičínská,300,+420493571686,"SO,NE, svátek: 08.00 – 12.00"
Jičín,16. a 17. 03.,MUDr. Petr Stránský,573060,Kopidlno,Tomáše Svobody,141,+420493552217,"SO,NE, svátek: 08.00 – 12.00"
Jičín,23. a 24.03.,MUDr. Marie Skřivánková,572659,Jičín,Revoluční,1128,+420493535823,"SO,NE, svátek: 08.00 – 12.00"
Jičín,30. a 31. 03.,MUDr.Šabatová Dana s.r.o.,572926,Hořice,ČSA ,169,+420493622277,"SO,NE, svátek: 08.00 – 12.00"
Jičín,06. a 07. 04.,Štrauchovi s.r.o.,572659,Jičín,Dělnická ,221,+420775151860,"SO,NE, svátek: 08.00 – 12.00"
Jičín,13. a 14. 04.,MUDr. Marcela Valášková,572926,Hořice,Havlíčkova,1053,+420493622162,"SO,NE, svátek: 08.00 – 12.00"
Jičín,19. 04.,MDDr. Jaroslav Vorel,572659,Jičín,Jungmannova,54,+420736652142,"SO,NE, svátek: 08.00 – 12.00"
Jičín,20. a 21. 04.,"Bic-Dent, spol. s r.o. - MUDr. Ivo Bicek",573248,Nová Paka,Kumburská,750,+420493723347,"SO,NE, svátek: 08.00 – 12.00"
Jičín,22. 04.,MDDr. Jan Beneš,573469,Slatiny,Milíčeves,26,+420777959985,"SO,NE, svátek: 08.00 – 12.00"
Jičín,27. a 28. 04.,MUDr. Jiřina Bláhová,572659,Jičín,Tyršova,262,+420606818188,"SO,NE, svátek: 08.00 – 12.00"
Jičín,01. 05.,MUDr. Roman Bumba,573248,Nová Paka,Šafaříkova,446,+420493721119,"SO,NE, svátek: 08.00 – 12.00"
Jičín,04. a 05. 05.,CENTROSAN spol. s r.o.,573248,Nová Paka,Pivovarská,1820,+420493723004,"SO,NE, svátek: 08.00 – 12.00"
Jičín,08. 05.,MUDr. Drašnar s.r.o.,572926,Hořice,Husova,9,+420776010788,"SO,NE, svátek: 08.00 – 12.00"
Jičín,11. a 12. 05.,MUDr. Miroslav Forman,573248,Nová Paka,Harantova,1867,+420493539741,"SO,NE, svátek: 08.00 – 12.00"
Jičín,18. a 19. 05.,MUDr. Václav Franc,573248,Nová Paka,Heřmanice,106,+420493721365,"SO,NE, svátek: 08.00 – 12.00"
Jičín,25. a 26. 05.,MDDr. Filip Král s.r.o.,572659,Jičín,Kukulova,442,+420724236008,"SO,NE, svátek: 08.00 – 12.00"
Jičín,01. a 02. 06.,MUDr. Jitka Hanousková,572926,Hořice,Havlíčkova,1053,+420493621851,"SO,NE, svátek: 08.00 – 12.00"
Jičín,08. a 09. 06.,MUDr. Pavla Hradecká,573248,Nová Paka,Pivovarská,1820,+420493592219,"SO,NE, svátek: 08.00 – 12.00"
Jičín,15. a 16. 06.,"MUDr. Helena Hronová - Ecce Dent s.r.o.,",573094,Lázně Bělohrad,Prostřední Nová Ves,2,+420606774919,"SO,NE, svátek: 08.00 – 12.00"
Jičín,22 - 23. 06.,"MDDr. Anna Hujová, DiS.",572659,Jičín,Tyršova,262,+420605785224,"SO,NE, svátek: 08.00 – 12.00"
Jičín,29. a 30.06.,JUNEK dent s.r.o.,572659,Jičín,Sv. Čecha ,253,+420493538558,"SO,NE, svátek: 08.00 – 12.00"
Jičín,05. 07.,MUDr. Jarmila Junková,572659,Jičín,Svatopluka Čecha,253,+420493522274,"SO,NE, svátek: 08.00 – 12.00"
Jičín,06. a 07. 07.,MDDr. Veronika Kapplová,572926,Hořice,Husova,9,+420723733267,"SO,NE, svátek: 08.00 – 12.00"
Jičín,13. a 14. 07,MUDr. Renáta Králová,572926,Hořice,Haberská,156,+420493621852,"SO,NE, svátek: 08.00 – 12.00"
Jičín,20. a 21. 07.,MUDr. Ivana Kazdová,572659,Jičín,Barákova,583,+420433532529,"SO,NE, svátek: 08.00 – 12.00"
Jičín,27. a 28. 07.,MUDr. Tomáš Kosina,573272,Ostroměř,T. G. Masaryka,127,+420493691329,"SO,NE, svátek: 08.00 – 12.00"
Jičín,03. a 04. 08.,MUDr. Lukáš Grossmann,572659,Jičín,Sv. Čecha,273,+420493534261,"SO,NE, svátek: 08.00 – 12.00"
Jičín,10. a 11. 08.,MUDr. Dana Krykorková,573108,Libáň,Náměstí Svobody,17,+420493598265,"SO,NE, svátek: 08.00 – 12.00"
Jičín,17. a 18. 08.,MUDr. Bohuše Lánská,572659,Jičín,Tyršova,262,+420733184730,"SO,NE, svátek: 08.00 – 12.00"
Jičín,24. a 25. 08.,MUDr. Karel Lenc,572659,Jičín,J. Š. Kubína,531,+420493534019,"SO,NE, svátek: 08.00 – 12.00"
Jičín,31. 08. a 01. 09.,MUDr. Milada Loužilová - Dentální ordinace s.r.o.,573825,Železnice,Náměstí Svobody,11,+420739574923,"SO,NE, svátek: 08.00 – 12.00"
Jičín,07. a 08. 09.,MUDr. Jana Masáková,573248,Nová Paka,Pražská,470,+420493721192,"SO,NE, svátek: 08.00 – 12.00"
Jičín,14. a 15.09.,MUDr. Otakar Nyklíček,572926,Hořice,Blahoslavova,1368,+420605128667,"SO,NE, svátek: 08.00 – 12.00"
Jičín,21. a 22. 09.,MUDr. Kateřina Ostrčilová,573248,Nová Paka,Petra Bezruče ,1833,+420493722756,"SO,NE, svátek: 08.00 – 12.00"
Jičín,28. a 29. 09.,MDDr. Sedláčková Jančová Barbora,572659,Jičín,Jiráskova,31,+420721234809,"SO,NE, svátek: 08.00 – 12.00"
Jičín,05. a 06. 10.,MUDr. Selinger Petr s.r.o.,573493,Sobotka,Jičínská,300,+420493571686,"SO,NE, svátek: 08.00 – 12.00"
Jičín,12. a 13. 10.,MUDr. Marie Skřivánková,572659,Jičín,Revoluční,1128,+420493535823,"SO,NE, svátek: 08.00 – 12.00"
Jičín,19. a 20. 10.,MUDr. Petr Stránský,573060,Kopidlno,Tomáše Svobody,141,+420493552217,"SO,NE, svátek: 08.00 – 12.00"
Jičín,26. a 27. 10.,MUDr.Šabatová Dana s.r.o.,572926,Hořice,ČSA ,169,+420493622277,"SO,NE, svátek: 08.00 – 12.00"
Jičín,28. 10.,Štrauchovi s.r.o.,572659,Jičín,Dělnická ,221,+420775151860,"SO,NE, svátek: 08.00 – 12.00"
Jičín,02. a 03. 11.,MUDr. Marcela Valášková,572926,Hořice,Havlíčkova,1053,+420493622162,"SO,NE, svátek: 08.00 – 12.00"
Jičín,09. a 10. 11.,MDDr. Jaroslav Vorel,572659,Jičín,Jungmannova,54,+420493588216,"SO,NE, svátek: 08.00 – 12.00"
Jičín,16. a 17. 11.,"Bic-Dent, spol. s r.o. - MUDr. Ivo Bicek",573248,Nová Paka,Kumburská,750,+420493723347,"SO,NE, svátek: 08.00 – 12.00"
Jičín,23. a 24. 11.,MDDr. Jan Beneš,573469,Slatiny,Milíčeves,26,+420777959985,"SO,NE, svátek: 08.00 – 12.00"
Jičín,30. 11. a 01. 12.,MUDr. Jiřina Bláhová,572659,Jičín,Tyršova,262,+420606818188,"SO,NE, svátek: 08.00 – 12.00"
Jičín,07. a 08.12.,MUDr. Roman Bumba,573248,Nová Paka,Šafaříkova,446,+420493721119,"SO,NE, svátek: 08.00 – 12.00"
Jičín,14. a 15. 12.,CENTROSAN spol. s r.o.,573248,Nová Paka,Pivovarská,1820,+420493723004,"SO,NE, svátek: 08.00 – 12.00"
Jičín,21. a 22. 12.,MUDr. Drašnar s.r.o.,572926,Hořice,Husova,9,+420776010788,"SO,NE, svátek: 08.00 – 12.00"
Jičín,24. 12.,MUDr. Miroslav Forman,573248,Nová Paka,Harantova,1867,+420493539741,"SO,NE, svátek: 08.00 – 12.00"
Jičín,25. 12.,MUDr. Václav Franc,573248,Nová Paka,Heřmanice,106,+420493721365,"SO,NE, svátek: 08.00 – 12.00"
Jičín,26. 12.,MUDr. Lukáš Grossmann,572659,Jičín,Sv. Čecha,273,+420493534261,"SO,NE, svátek: 08.00 – 12.00"
Jičín,28. – 29. 12.,MUDr. Jitka Hanousková,572926,Hořice,Havlíčkova,1053,+420493621851,"SO,NE, svátek: 08.00 – 12.00"
Jičín,01.01.2020,MUDr. Pavla Hradecká,573248,Nová Paka,Pivovarská,1820,+420493592219,"SO,NE, svátek: 08.00 – 12.00"
Rychnov nad Kněžnou,01.01.2019,MUDr. Plšková Ivona,576069,Rychnov nad Kněžnou,Svatohavelská,266,+420494534841,"SO,NE, svátek: 08.00 – 12.00"
Rychnov nad Kněžnou,05. 01.,MUDr. Podolská Jana,576859,Týniště nad Orlicí,Mírové náměstí,88,+420494371783,"SO,NE, svátek: 08.00 – 12.00"
Rychnov nad Kněžnou,06. 01.,MUDr. Pokorná Jaroslava,576069,Rychnov nad Kněžnou,Poliklinika Rychnov nad Kněžnou,,+420494515697,"SO,NE, svátek: 08.00 – 12.00"
Rychnov nad Kněžnou,12. 01.,MUDr. Miřejovská Dagmar - Bahník Dent s.r.o.,576361,Kostelec nad Orlicí,Třebízského,799,+420494323152,"SO,NE, svátek: 08.00 – 12.00"
Rychnov nad Kněžnou,13. 01.,MUDr. Přibylová Marta,576182,Častolovice,Komenského,209,+420494322706,"SO,NE, svátek: 08.00 – 12.00"
Rychnov nad Kněžnou,19. 01.,MUDr Seidlová Zdenka,576778,Skuhrov nad Bělou ,,17,+420494598205,"SO,NE, svátek: 08.00 – 12.00"
Rychnov nad Kněžnou,20. 01.,MUDr. Skřičková Zdena,576069,Rychnov nad Kněžnou,Poliklinika Rychnov nad Kněžnou,,+420494515695,"SO,NE, svátek: 08.00 – 12.00"
Rychnov nad Kněžnou,26. 01.,MUDr. Stejskalová Věra,576131,Borohrádek,Kout,566,+420494381263,"SO,NE, svátek: 08.00 – 12.00"
Rychnov nad Kněžnou,27. 01.,MUDr. Simona Sudová - MUDr. Simona Sudová s.r.o.,576859,Týniště nad Orlicí,Mírové náměstí,88,+420494371031,"SO,NE, svátek: 08.00 – 12.00"
Rychnov nad Kněžnou,02. 02.,MUDr. Světlík Filip - FSmile s.r.o.,576590,Opočno,Tyršova,515,+420777667353,"SO,NE, svátek: 08.00 – 12.00"
Rychnov nad Kněžnou,03. 02.,MUDr. Štulík Richard,576069,Rychnov nad Kněžnou,Poliklinika Rychnov nad Kněžnou,,+420494515693,"SO,NE, svátek: 08.00 – 12.00"
Rychnov nad Kněžnou,09. 02.,MUDr. Tancurinová Jana -Freemed s.r.o.,576883,Vamberk,náměstí Dr. Lützowa,345,+420736419151,"SO,NE, svátek: 08.00 – 12.00"
Rychnov nad Kněžnou,10. 02.,MUDr. Tomanová Libuše – Praktické zubní lékařství s.r.o.,576859,Týniště nad Orlicí,Mírové náměstí,88,+420494542102,"SO,NE, svátek: 08.00 – 12.00"
Rychnov nad Kněžnou,16. 02.,MDDr. Tomáš Jan - FSmile s.r.o.,576590,Opočno,Tyršova,515,+420777667353,"SO,NE, svátek: 08.00 – 12.00"
Rychnov nad Kněžnou,17. 02.,MDDr. Učňová Petra - Petrák stomatologie s.r.o.,576883,Vamberk,náměstí Dr. Lützowa,345,+420721200244,"SO,NE, svátek: 08.00 – 12.00"
Rychnov nad Kněžnou,23. 02.,MUDr. Valešová Pavla,576271,Dobruška,Pulická ,99,+420494622114,"SO,NE, svátek: 08.00 – 12.00"
Rychnov nad Kněžnou,24. 02.,"MUDr. Veselská Renata -Poliklinika Týniště nad Orlicí, s.r.o.",576859,Týniště nad Orlicí,Mírové náměstí,88,+420494371781,"SO,NE, svátek: 08.00 – 12.00"
Rychnov nad Kněžnou,02. 03.,MDDr. Zdráhal Zdeněk,576361,Kostelec nad Orlicí,Masarykova,729,+420721460150,"SO,NE, svátek: 08.00 – 12.00"
Rychnov nad Kněžnou,03. 03.,MUDr. Bahník František - Bahník Dent s.r.o.,576361,Kostelec nad Orlicí,Třebízského,799,+420494323152,"SO,NE, svátek: 08.00 – 12.00"
Rychnov nad Kněžnou,09. 03.,MUDr. Beránek Jan - JB DENT s.r.o.,576859,Týniště nad Orlicí,Komenského ,828,+420494371088,"SO,NE, svátek: 08.00 – 12.00"
Rychnov nad Kněžnou,10. 03.,MDDr. Borůvková Veronika,576271,Dobruška,Pulická ,99,+420494622114,"SO,NE, svátek: 08.00 – 12.00"
Rychnov nad Kněžnou,16. 03.,MUDr. Čapková Marie,576301,Doudleby nad Orlicí,Komenského,366,+420494383417,"SO,NE, svátek: 08.00 – 12.00"
Rychnov nad Kněžnou,17. 03.,MUDr. Domáňová Iva,576069,Rychnov nad Kněžnou,Poliklinika Rychnov nad Kněžnou,,+420494515694,"SO,NE, svátek: 08.00 – 12.00"
Rychnov nad Kněžnou,23. 03.,MUDr. Handl Jindřich,576069,Rychnov nad Kněžnou,Panská ,24,+420494531955,"SO,NE, svátek: 08.00 – 12.00"
Rychnov nad Kněžnou,24. 03.,MDDr. Havlíček Ondřej,576212,České Meziříčí,Záhumenská,445,+420734324600,"SO,NE, svátek: 08.00 – 12.00"
Rychnov nad Kněžnou,30. 03.,MUDr. Hlavsová Lenka,576361,Kostelec nad Orlicí,Komenského,259,+420494323958,"SO,NE, svátek: 08.00 – 12.00"
Rychnov nad Kněžnou,31. 03.,MUDr. Hrbáčová Eva,576069,Rychnov nad Kněžnou,Na Trávníku ,1232,+420494532330,"SO,NE, svátek: 08.00 – 12.00"
Rychnov nad Kněžnou,06. 04.,MUDr. Kašparová Dagmar,576883,Vamberk,Voříškova,169,+420602514715,"SO,NE, svátek: 08.00 – 12.00"
Rychnov nad Kněžnou,07. 04.,MUDr. Loukota Jan,576590,Opočno,Komenského,127,+420494621665,"SO,NE, svátek: 08.00 – 12.00"
Rychnov nad Kněžnou,13. 04.,MUDr. Malátková Ludmila,576069,Rychnov nad Kněžnou,Poliklinika Rychnov nad Kněžnou,,+420494515696,"SO,NE, svátek: 08.00 – 12.00"
Rychnov nad Kněžnou,14. 04.,MDDr. Matějková Denisa,576212,České Meziříčí,Záhumenská,445,+420734324600,"SO,NE, svátek: 08.00 – 12.00"
Rychnov nad Kněžnou,19.04.,MUDr. Pokorná Věra,576590,Opočno,J. Pitry,448,+420494667628,"SO,NE, svátek: 08.00 – 12.00"
Rychnov nad Kněžnou,20. 04.,MDDr. Motyčka Martin,576069,Rychnov nad Kněžnou,Komenského,44,+420775224093,"SO,NE, svátek: 08.00 – 12.00"
Rychnov nad Kněžnou,21. 04.,MUDr. Nentvichová Eva,576271,Dobruška,K. Michla ,942,+420494623775,"SO,NE, svátek: 08.00 – 12.00"
Rychnov nad Kněžnou,22. 04.,MDDr. Tomáš Petrák - Petrák stomatologie s.r.o.,576883,Vamberk,náměstí Dr. Lützowa,345,+420721200244,"SO,NE, svátek: 08.00 – 12.00"
Rychnov nad Kněžnou,27. 04.,MUDr. Plšková Ivona,576069,Rychnov nad Kněžnou,Svatohavelská,266,+420494534841,"SO,NE, svátek: 08.00 – 12.00"
Rychnov nad Kněžnou,28. 04.,MUDr. Podolská Jana,576859,Týniště nad Orlicí,Mírové náměstí,88,+420494371783,"SO,NE, svátek: 08.00 – 12.00"
Rychnov nad Kněžnou,01. 05.,MUDr. Pokorná Jaroslava,576069,Rychnov nad Kněžnou,Poliklinika Rychnov nad Kněžnou,,+420494515697,"SO,NE, svátek: 08.00 – 12.00"
Rychnov nad Kněžnou,04. 05.,MUDr. Pokorná Věra,576590,Opočno,J. Pitry,448,+420494667628,"SO,NE, svátek: 08.00 – 12.00"
Rychnov nad Kněžnou,05. 05.,MUDr. Přibylová Marta,576182,Častolovice,Komenského,209,+420494322706,"SO,NE, svátek: 08.00 – 12.00"
Rychnov nad Kněžnou,08. 05.,MUDr Seidlová Zdenka,576778,Skuhrov nad Bělou ,,17,+420494598205,"SO,NE, svátek: 08.00 – 12.00"
Rychnov nad Kněžnou,11. 05.,MUDr. Skřičková Zdena,576069,Rychnov nad Kněžnou,Poliklinika Rychnov nad Kněžnou,,+420494515695,"SO,NE, svátek: 08.00 – 12.00"
Rychnov nad Kněžnou,12. 05.,MUDr. Stejskalová Věra,576131,Borohrádek,Kout,566,+420494381263,"SO,NE, svátek: 08.00 – 12.00"
Rychnov nad Kněžnou,18. 05.,MUDr. Sudová Simona - MUDr. Simona Sudová s.r.o.,576859,Týniště nad Orlicí,Mírové náměstí,88,+420494371031,"SO,NE, svátek: 08.00 – 12.00"
Rychnov nad Kněžnou,19. 05.,MUDr. Světlík Filip - FSmile s.r.o.,576590,Opočno,Tyršova,515,+420777667353,"SO,NE, svátek: 08.00 – 12.00"
Rychnov nad Kněžnou,25. 05.,MUDr. Štulík Richard,576069,Rychnov nad Kněžnou,Poliklinika Rychnov nad Kněžnou,,+420494515693,"SO,NE, svátek: 08.00 – 12.00"
Rychnov nad Kněžnou,26. 05.,Freemed s.r.o. - MUDr. Tancurinová Jana,576883,Vamberk,náměstí Dr. Lützowa,345,+420736419151,"SO,NE, svátek: 08.00 – 12.00"
Rychnov nad Kněžnou,01. 06.,MUDr. Tomanová Libuše – Praktické zubní lékařství s.r.o.,576859,Týniště nad Orlicí,Mírové náměstí,88,+420494542102,"SO,NE, svátek: 08.00 – 12.00"
Rychnov nad Kněžnou,02. 06.,MDDr. Zdráhal Zdeněk,576361,Kostelec nad Orlicí,Masarykova,729,+420721460150,"SO,NE, svátek: 08.00 – 12.00"
Rychnov nad Kněžnou,08. 06.,MDDr. Učňová Petra - Petrák stomatologie s.r.o.,576883,Vamberk,náměstí Dr. Lützowa,345,+420721200244,"SO,NE, svátek: 08.00 – 12.00"
Rychnov nad Kněžnou,09. 06.,MUDr. Valešová Pavla,576271,Dobruška,Pulická ,99,+420494622114,"SO,NE, svátek: 08.00 – 12.00"
Rychnov nad Kněžnou,15. 06.,"MUDr. Veselská Renata -Poliklinika Týniště nad Orlicí, s. r.o.",576859,Týniště nad Orlicí,Mírové náměstí,88,+420494371781,"SO,NE, svátek: 08.00 – 12.00"
Rychnov nad Kněžnou,16. 06.,MDDr. Tomáš Jan - FSmile s.r.o.,576590,Opočno,Tyršova,515,+420777667353,"SO,NE, svátek: 08.00 – 12.00"
Rychnov nad Kněžnou,22. 06.,MUDr. Bahník František - Bahník Dent s.r.o.,576361,Kostelec nad Orlicí,Třebízského,799,+420494323152,"SO,NE, svátek: 08.00 – 12.00"
Rychnov nad Kněžnou,23. 06.,"MUDr. Beránek Jan - JB DENT s.r.o.,",576859,Týniště nad Orlicí,Komenského ,828,+420494371088,"SO,NE, svátek: 08.00 – 12.00"
Rychnov nad Kněžnou,29. 06.,MDDr. Borůvková Veronika,576271,Dobruška,Pulická ,99,+420494622114,"SO,NE, svátek: 08.00 – 12.00"
Rychnov nad Kněžnou,30. 06.,MUDr. Kašparová Dagmar,576883,Vamberk,Voříškova,169,+420602514715,"SO,NE, svátek: 08.00 – 12.00"
Rychnov nad Kněžnou,05. 07.,MUDr. Domáňová Iva,576069,Rychnov nad Kněžnou,Poliklinika Rychnov nad Kněžnou,,+420494515694,"SO,NE, svátek: 08.00 – 12.00"
Rychnov nad Kněžnou,06. 07.,MUDr. Hlavsová Lenka,576361,Kostelec nad Orlicí,Komenského,259,+420494323958,"SO,NE, svátek: 08.00 – 12.00"
Rychnov nad Kněžnou,07. 07.,MDDr. Havlíček Ondřej,576212,České Meziříčí,Záhumenská,445,+420734324600,"SO,NE, svátek: 08.00 – 12.00"
Rychnov nad Kněžnou,13. 07.,MUDr. Handl Jindřich,576069,Rychnov nad Kněžnou,"Panská 24, Rychnov nad Kněžnou",,+420494531955,"SO,NE, svátek: 08.00 – 12.00"
Rychnov nad Kněžnou,14. 07.,MUDr. Hrbáčová Eva,576069,Rychnov nad Kněžnou,Na Trávníku ,1232,+420494532330,"SO,NE, svátek: 08.00 – 12.00"
Rychnov nad Kněžnou,20. 07.,MUDr. Čapková Marie,576301,Doudleby nad Orlicí,Komenského,366,+420494383417,"SO,NE, svátek: 08.00 – 12.00"
Rychnov nad Kněžnou,21. 07.,MUDr. Loukota Jan,576590,Opočno,Komenského,127,+420494621665,"SO,NE, svátek: 08.00 – 12.00"
Rychnov nad Kněžnou,27. 07.,MUDr. Pokorná Jaroslava,576069,Rychnov nad Kněžnou,Poliklinika Rychnov nad Kněžnou,,+420494515697,"SO,NE, svátek: 08.00 – 12.00"
Rychnov nad Kněžnou,28. 07.,MDDr. Matějková Denisa,576212,České Meziříčí,Záhumenská,445,+420734324600,"SO,NE, svátek: 08.00 – 12.00"
Rychnov nad Kněžnou,03. 08.,MUDr. Miřejovská Dagmar -Bahník Dent s.r.o.,576361,Kostelec nad Orlicí,Třebízského,799,+420494323152,"SO,NE, svátek: 08.00 – 12.00"
Rychnov nad Kněžnou,04. 08.,MDDr. Motyčka Martin,576069,Rychnov nad Kněžnou,Komenského,44,+420775224093,"SO,NE, svátek: 08.00 – 12.00"
Rychnov nad Kněžnou,10. 08.,MUDr. Nentvichová Eva,576271,Dobruška,K. Michla ,942,+420494623775,"SO,NE, svátek: 08.00 – 12.00"
Rychnov nad Kněžnou,11. 08.,MDDr. Tomáš Petrák - Petrák stomatologie s.r.o.,576883,Vamberk,náměstí Dr. Lützowa,345,+420721200244,"SO,NE, svátek: 08.00 – 12.00"
Rychnov nad Kněžnou,17. 08.,MUDr. Plšková Ivona,576069,Rychnov nad Kněžnou,Svatohavelská,266,+420494534841,"SO,NE, svátek: 08.00 – 12.00"
Rychnov nad Kněžnou,18.08.,MUDr. Podolská Jana,576859,Týniště nad Orlicí,Mírové náměstí,88,+420494371783,"SO,NE, svátek: 08.00 – 12.00"
Rychnov nad Kněžnou,24. 08.,MUDr. Malátková Ludmila,576069,Rychnov nad Kněžnou,Poliklinika Rychnov nad Kněžnou,,+420494515696,"SO,NE, svátek: 08.00 – 12.00"
Rychnov nad Kněžnou,25. 08.,MUDr. Pokorná Věra,576590,Opočno,J. Pitry,448,+420494667628,"SO,NE, svátek: 08.00 – 12.00"
Rychnov nad Kněžnou,31. 08.,MUDr. Přibylová Marta,576182,Častolovice,Komenského,209,+420494322706,"SO,NE, svátek: 08.00 – 12.00"
Rychnov nad Kněžnou,01. 09.,MUDr Seidlová Zdenka,576778,Skuhrov nad Bělou ,,17,+420494598205,"SO,NE, svátek: 08.00 – 12.00"
Rychnov nad Kněžnou,07. 09.,MUDr. Skřičková Zdena,576069,Rychnov nad Kněžnou,Poliklinika Rychnov nad Kněžnou,,+420494515695,"SO,NE, svátek: 08.00 – 12.00"
Rychnov nad Kněžnou,08. 09.,MUDr. Stejskalová Věra,576131,Borohrádek,Kout,566,+420494381263,"SO,NE, svátek: 08.00 – 12.00"
Rychnov nad Kněžnou,14. 09.,MUDr. Sudová Simona - MUDr. Simona Sudová s.r.o.,576859,Týniště nad Orlicí,Mírové náměstí,88,+420494371031,"SO,NE, svátek: 08.00 – 12.00"
Rychnov nad Kněžnou,15. 09.,MUDr. Světlík Filip - FSmile s.r.o.,576590,Opočno,Tyršova,515,+420777667353,"SO,NE, svátek: 08.00 – 12.00"
Rychnov nad Kněžnou,21. 09.,MUDr. Štulík Richard,576069,Rychnov nad Kněžnou,Poliklinika Rychnov nad Kněžnou,,+420494515693,"SO,NE, svátek: 08.00 – 12.00"
Rychnov nad Kněžnou,22. 09.,MUDr. Tancurinová Jana - Freemed s.r.o.,576883,Vamberk,náměstí Dr. Lützowa,345,+420736419151,"SO,NE, svátek: 08.00 – 12.00"
Rychnov nad Kněžnou,28. 09.,MUDr. Tomanová Libuše – Praktické zubní lékařství s.r.o.,576859,Týniště nad Orlicí,Mírové náměstí,88,+420494542102,"SO,NE, svátek: 08.00 – 12.00"
Rychnov nad Kněžnou,29. 09.,MDDr. Tomáš Jan - FSmile s.r.o.,576590,Opočno,Tyršova,515,+420777667353,"SO,NE, svátek: 08.00 – 12.00"
Rychnov nad Kněžnou,05. 10.,MDDr. Učňová Petra - Petrák stomatologie s.r.o.,576883,Vamberk,náměstí Dr. Lützowa,345,+420721200244,"SO,NE, svátek: 08.00 – 12.00"
Rychnov nad Kněžnou,06. 10.,MUDr. Valešová Pavla,576271,Dobruška,Pulická ,99,+420494622114,"SO,NE, svátek: 08.00 – 12.00"
Rychnov nad Kněžnou,12. 10.,"MUDr. Veselská Renata -Poliklinika Týniště nad Orlicí, s.r.o.",576859,Týniště nad Orlicí,Mírové náměstí,88,+420494371781,"SO,NE, svátek: 08.00 – 12.00"
Rychnov nad Kněžnou,13. 10.,MDDr. Zdráhal Zdeněk,576361,Kostelec nad Orlicí,Masarykova,729,+420721460150,"SO,NE, svátek: 08.00 – 12.00"
Rychnov nad Kněžnou,19. 10.,MUDr. Bahník František - Bahník Dent s.r.o.,576361,Kostelec nad Orlicí,Třebízského,799,+420494323152,"SO,NE, svátek: 08.00 – 12.00"
Rychnov nad Kněžnou,20. 10.,"MUDr. Beránek Jan - JB DENT s.r.o.,",576859,Týniště nad Orlicí,Komenského ,828,+420494371088,"SO,NE, svátek: 08.00 – 12.00"
Rychnov nad Kněžnou,26. 10.,MDDr. Borůvková Veronika,576271,Dobruška,Pulická ,99,+420494622114,"SO,NE, svátek: 08.00 – 12.00"
Rychnov nad Kněžnou,27. 10.,MUDr. Čapková Marie,576301,Doudleby nad Orlicí,Komenského,366,+420494383417,"SO,NE, svátek: 08.00 – 12.00"
Rychnov nad Kněžnou,28. 10.,MUDr. Domáňová Iva,576069,Rychnov nad Kněžnou,Poliklinika Rychnov nad Kněžnou,,+420494515694,"SO,NE, svátek: 08.00 – 12.00"
Rychnov nad Kněžnou,02. 11.,MUDr. Handl Jindřich,576069,Rychnov nad Kněžnou,Panská ,24,+420494531955,"SO,NE, svátek: 08.00 – 12.00"
Rychnov nad Kněžnou,03. 11.,MDDr. Havlíček Ondřej,576212,České Meziříčí,Záhumenská,445,+420734324600,"SO,NE, svátek: 08.00 – 12.00"
Rychnov nad Kněžnou,09. 11.,MUDr. Hlavsová Lenka,576361,Kostelec nad Orlicí,Komenského,259,+420494323958,"SO,NE, svátek: 08.00 – 12.00"
Rychnov nad Kněžnou,10. 11.,MUDr. Hrbáčová Eva,576069,Rychnov nad Kněžnou,Na Trávníku ,1232,+420494532330,"SO,NE, svátek: 08.00 – 12.00"
Rychnov nad Kněžnou,16. 11.,MUDr. Kašparová Dagmar,576883,Vamberk,Voříškova,169,+420602514715,"SO,NE, svátek: 08.00 – 12.00"
Rychnov nad Kněžnou,17. 11.,MUDr. Loukota Jan,576590,Opočno,Komenského,127,+420494621665,"SO,NE, svátek: 08.00 – 12.00"
Rychnov nad Kněžnou,23. 11.,MUDr. Malátková Ludmila,576069,Rychnov nad Kněžnou,Poliklinika Rychnov nad Kněžnou,,+420494515696,"SO,NE, svátek: 08.00 – 12.00"
Rychnov nad Kněžnou,24. 11.,MDDr. Matějková Denisa,576212,České Meziříčí,Záhumenská,445,+420734324600,"SO,NE, svátek: 08.00 – 12.00"
Rychnov nad Kněžnou,30. 11.,MUDr. Miřejovská Dagmar -Bahník Dent s.r.o.,576361,Kostelec nad Orlicí,Třebízského,799,+420494323152,"SO,NE, svátek: 08.00 – 12.00"
Rychnov nad Kněžnou,01. 12.,MDDr. Motyčka Martin,576069,Rychnov nad Kněžnou,Komenského,44,+420775224093,"SO,NE, svátek: 08.00 – 12.00"
Rychnov nad Kněžnou,07. 12.,MUDr. Nentvichová Eva,576271,Dobruška,K. Michla ,942,+420494623775,"SO,NE, svátek: 08.00 – 12.00"
Rychnov nad Kněžnou,08. 12.,MDDr. Tomáš Petrák - Petrák stomatologie s.r.o.,576883,Vamberk,náměstí Dr. Lützowa,345,+420721200244,"SO,NE, svátek: 08.00 – 12.00"
Rychnov nad Kněžnou,14. 12.,MUDr. Plšková Ivona,576069,Rychnov nad Kněžnou,Svatohavelská,266,+420494534841,"SO,NE, svátek: 08.00 – 12.00"
Rychnov nad Kněžnou,15. 12.,MUDr. Podolská Jana,576859,Týniště nad Orlicí,Mírové náměstí,88,+420494371783,"SO,NE, svátek: 08.00 – 12.00"
Rychnov nad Kněžnou,21. 12.,MUDr. Pokorná Jaroslava,576069,Rychnov nad Kněžnou,Poliklinika Rychnov nad Kněžnou,,+420494515697,"SO,NE, svátek: 08.00 – 12.00"
Rychnov nad Kněžnou,22. 12.,MUDr. Pokorná Věra,576590,Opočno,J. Pitry,448,+420494667628,"SO,NE, svátek: 08.00 – 12.00"
Rychnov nad Kněžnou,24. 12.,MUDr. Přibylová Marta,576182,Častolovice,Komenského,209,+420494322706,"SO,NE, svátek: 08.00 – 12.00"
Rychnov nad Kněžnou,25. 12.,MUDr Seidlová Zdenka,576778,Skuhrov nad Bělou ,,17,+420494598205,"SO,NE, svátek: 08.00 – 12.00"
Rychnov nad Kněžnou,26. 12.,MUDr. Skřičková Zdena,576069,Rychnov nad Kněžnou,Poliklinika Rychnov nad Kněžnou,,+420494515695,"SO,NE, svátek: 08.00 – 12.00"
Rychnov nad Kněžnou,28. 12.,MUDr. Stejskalová Věra,576131,Borohrádek,Kout,566,+420494381263,"SO,NE, svátek: 08.00 – 12.00"
Rychnov nad Kněžnou,29. 12.,MUDr. Sudová Simona - MUDr. Simona Sudová s.r.o.,576859,Týniště nad Orlicí,Mírové náměstí,88,+420494371031,"SO,NE, svátek: 08.00 – 12.00"
Rychnov nad Kněžnou,01.01.2020,MUDr. Světlík Filip - FSmile s.r.o.,576590,Opočno,Tyršova,515,+420777667353,"SO,NE, svátek: 08.00 – 12.00"
"Jaroměř, Česká Skalice",01.01.2019,MUDr. Ludmila Chrásková,574121,Jaroměř,Dr. E. Beneše,191,+420491812160,"SO,NE, svátek: 08.00 – 10.00"
"Jaroměř, Česká Skalice",05. 01 a 06. 01. 2019,MDDr. Veronika Kalousková,574121,Jaroměř,Husova,931,+420491812935,"SO,NE, svátek: 08.00 – 10.00"
"Jaroměř, Česká Skalice",12. 01. a 13. 01. 2019,MUDr. Miluše Jiřištová - Stomatologie Jiřištová s.r.o.,574121,Jaroměř,Z. Němečka ,130,+420491813485,"SO,NE, svátek: 08.00 – 10.00"
"Jaroměř, Česká Skalice",19. 01. a 20. 01.,MUDr. Martina Bucharová,573990,Česká Skalice,Husovo náměstí ,36,+420491452447,"SO,NE, svátek: 08.00 – 10.00"
"Jaroměř, Česká Skalice",26. 01. a 27. 01.,MUDr. Lubomír Beran,574589,Velký Třebešov,,118,+420491453272,"SO,NE, svátek: 08.00 – 10.00"
"Jaroměř, Česká Skalice",02. 02. a 03. 02.,MUDr. Erika Uhlířová,574121,Jaroměř,Průmyslová,146,+420491815475,"SO,NE, svátek: 08.00 – 10.00"
"Jaroměř, Česká Skalice",09. 02. a 10. 02.,MUDr. Jaroslav Ožďan,573990,Česká Skalice,Boženy Němcové,13,+420491452789,"SO,NE, svátek: 08.00 – 10.00"
"Jaroměř, Česká Skalice",16. 02. a 17. 02.,MUDr. Karel Kalfus,574121,Jaroměř,Česká,50,+420491815077,"SO,NE, svátek: 08.00 – 10.00"
"Jaroměř, Česká Skalice",23. 02. a 24. 02.,MUDr. Lucie Strnadová,574121,Jaroměř,Z. Němečka,130,+420491812495,"SO,NE, svátek: 08.00 – 10.00"
"Jaroměř, Česká Skalice",02. 03. a 03. 03.,Zrušeno z důvodu nemoci,,,,,,
"Jaroměř, Česká Skalice",09. 03. a 10. 03.,MUDr. Olga Záplatová,573990,Česká Skalice,Husovo náměstí ,36,+420491452447,"SO,NE, svátek: 08.00 – 10.00"
"Jaroměř, Česká Skalice",16. 03. a 17. 03.,MUDr. Petr Kalfus,574121,Jaroměř,Česká ,50,+420491815077,"SO,NE, svátek: 08.00 – 10.00"
"Jaroměř, Česká Skalice",23. 03. a 24. 03.,DDS. Abosaleh Ahmad Amin,574589,Velký Třebešov,,118,+420491453272,"SO,NE, svátek: 08.00 – 10.00"
"Jaroměř, Česká Skalice",30. 03. a 31. 03.,MDDr. Šárka Šejvlová,574121,Jaroměř,Husova,931,+420491812944,"SO,NE, svátek: 08.00 – 10.00"
"Jaroměř, Česká Skalice",06. 04. a 07.04.,MUDr. Ludmila Chrásková,574121,Jaroměř,Dr. E. Beneše,191,+420491812160,"SO,NE, svátek: 08.00 – 10.00"
"Jaroměř, Česká Skalice",13. 04. a 14. 04.,MDDr. Veronika Kalousková,574121,Jaroměř,Husova,931,+420491812935,"SO,NE, svátek: 08.00 – 10.00"
"Jaroměř, Česká Skalice",19. 04.,MUDr. Karel Kalfus,574121,Jaroměř,Česká,50,+420491815077,"SO,NE, svátek: 08.00 – 10.00"
"Jaroměř, Česká Skalice",20. 04. a 21. 04.,MUDr. Miluše Jiřištová - Stomatologie Jiřištová s.r.o.,574121,Jaroměř,Z. Němečka ,130,+420491813485,"SO,NE, svátek: 08.00 – 10.00"
"Jaroměř, Česká Skalice",22. 04.,MUDr. Petr Kalfus,574121,Jaroměř,Česká ,50,+420491815077,"SO,NE, svátek: 08.00 – 10.00"
"Jaroměř, Česká Skalice",27. 04. a 28. 04.,MUDr. Martina Bucharová,573990,Česká Skalice,Husovo náměstí ,36,+420491452447,"SO,NE, svátek: 08.00 – 10.00"
"Jaroměř, Česká Skalice",01. 05.,MUDr. Lubomír Beran,574589,Velký Třebešov,,118,+420491453272,"SO,NE, svátek: 08.00 – 10.00"
"Jaroměř, Česká Skalice",04. 05. a .05. 05.,MUDr. Erika Uhlířová,574121,Jaroměř,Průmyslová,146,+420491815475,"SO,NE, svátek: 08.00 – 10.00"
"Jaroměř, Česká Skalice",08. 05.,MUDr. Jaroslav Ožďan,573990,Česká Skalice,Boženy Němcové,13,+420491452789,"SO,NE, svátek: 08.00 – 10.00"
"Jaroměř, Česká Skalice",11. 05. a 12. 05.,MUDr. Karel Kalfus,574121,Jaroměř,Česká,50,+420491815077,"SO,NE, svátek: 08.00 – 10.00"
"Jaroměř, Česká Skalice",18. 05. a 19. 05.,MUDr. Lucie Strnadová,574121,Jaroměř,Z. Němečka,130,+420491812495,"SO,NE, svátek: 08.00 – 10.00"
"Jaroměř, Česká Skalice",25. 05 a 26. 05.,MUDr. Ivona Plšková,573990,Česká Skalice,Komenského ,554/a,+420491451300,"SO,NE, svátek: 08.00 – 10.00"
"Jaroměř, Česká Skalice",01. 06. a 02. 06.,MUDr. Olga Záplatová,573990,Česká Skalice,Husovo náměstí ,36,+420491452447,"SO,NE, svátek: 08.00 – 10.00"
"Jaroměř, Česká Skalice",08. 06. a 09. 06.,MDDr. Šárka Šejvlová,574121,Jaroměř,Husova,931,+420491812944,"SO,NE, svátek: 08.00 – 10.00"
"Jaroměř, Česká Skalice",15. 06. a 16. 06.,DDS. Abosaleh Ahmad Amin,574589,Velký Třebešov,,118,+420491453272,"SO,NE, svátek: 08.00 – 10.00"
"Jaroměř, Česká Skalice",22. 06. a 23. 06.,MUDr. Petr Kalfus,574121,Jaroměř,Česká ,50,+420491815077,"SO,NE, svátek: 08.00 – 10.00"
"Jaroměř, Česká Skalice",29. 06. a 30. 06.,MUDr. Ludmila Chrásková,574121,Jaroměř,Dr. E. Beneše,191,+420491812160,"SO,NE, svátek: 08.00 – 10.00"
"Jaroměř, Česká Skalice",05. 07.,MDDr. Veronika Kalousková,574121,Jaroměř,Husova,931,+420491812935,"SO,NE, svátek: 08.00 – 10.00"
"Jaroměř, Česká Skalice",06. 07. a 07.07.,MUDr. Miluše Jiřištová - Stomatologie Jiřištová s.r.o.,574121,Jaroměř,Z. Němečka ,130,+420491813485,"SO,NE, svátek: 08.00 – 10.00"
"Jaroměř, Česká Skalice",13. 07. a 14. 07.,MUDr. Martina Bucharová,573990,Česká Skalice,Husovo náměstí ,36,+420491452447,"SO,NE, svátek: 08.00 – 10.00"
"Jaroměř, Česká Skalice",20. 07. a 21. 07.,MUDr. Lubomír Beran,574589,Velký Třebešov,,118,+420491453272,"SO,NE, svátek: 08.00 – 10.00"
"Jaroměř, Česká Skalice",27. 07. a 28. 07.,MUDr. Erika Uhlířová,574121,Jaroměř,Průmyslová,146,+420491815475,"SO,NE, svátek: 08.00 – 10.00"
"Jaroměř, Česká Skalice",03. 08. a 04. 08.,MUDr. Jaroslav Ožďan,573990,Česká Skalice,Boženy Němcové,13,+420491452789,"SO,NE, svátek: 08.00 – 10.00"
"Jaroměř, Česká Skalice",10. 08. a 11. 08.,MUDr. Karel Kalfus,574121,Jaroměř,Česká,50,+420491815077,"SO,NE, svátek: 08.00 – 10.00"
"Jaroměř, Česká Skalice",17. 08. a 18. 08.,MUDr. Lucie Strnadová,574121,Jaroměř,Z. Němečka,130,+420491812495,"SO,NE, svátek: 08.00 – 10.00"
"Jaroměř, Česká Skalice",24. 08. a 25. 08.,MUDr. Ivona Plšková,573990,Česká Skalice,Komenského ,554/a,+420491451300,"SO,NE, svátek: 08.00 – 10.00"
"Jaroměř, Česká Skalice",31. 08. a 01. 09.,MUDr. Olga Záplatová,573990,Česká Skalice,Husovo náměstí ,36,+420491452447,"SO,NE, svátek: 08.00 – 10.00"
"Jaroměř, Česká Skalice",07. 09. a 08. 09.,MDDr. Šárka Šejvlová,574121,Jaroměř,Husova,931,+420491812944,"SO,NE, svátek: 08.00 – 10.00"
"Jaroměř, Česká Skalice",14. 09. a 15. 09.,DDS. Abosaleh Ahmad Amin,574589,Velký Třebešov,,118,+420491453272,"SO,NE, svátek: 08.00 – 10.00"
"Jaroměř, Česká Skalice",21. 09. a 22. 09.,MUDr. Petr Kalfus,574121,Jaroměř,Česká ,50,+420491815077,"SO,NE, svátek: 08.00 – 10.00"
"Jaroměř, Česká Skalice",28. 09. a 29.09.,MUDr. Ludmila Chrásková,574121,Jaroměř,Dr. E. Beneše,191,+420491812160,"SO,NE, svátek: 08.00 – 10.00"
"Jaroměř, Česká Skalice",05. 10. a 06. 10.,MDDr. Veronika Kalousková,574121,Jaroměř,Husova,931,+420491812935,"SO,NE, svátek: 08.00 – 10.00"
"Jaroměř, Česká Skalice",12. 10. a 13. 10.,MUDr. Miluše Jiřištová - Stomatologie Jiřištová s.r.o.,574121,Jaroměř,Z. Němečka ,130,+420491813485,"SO,NE, svátek: 08.00 – 10.00"
"Jaroměř, Česká Skalice",19. 10. a 20. 10.,MUDr. Martina Bucharová,573990,Česká Skalice,Husovo náměstí ,36,+420491452447,"SO,NE, svátek: 08.00 – 10.00"
"Jaroměř, Česká Skalice",26. 10. a 27. 10.,MUDr. Lubomír Beran,574589,Velký Třebešov,,118,+420491453272,"SO,NE, svátek: 08.00 – 10.00"
"Jaroměř, Česká Skalice",28. 10.,MUDr. Erika Uhlířová,574121,Jaroměř,Průmyslová,146,+420491815475,"SO,NE, svátek: 08.00 – 10.00"
"Jaroměř, Česká Skalice",02. 11. a 03. 11.,MUDr. Jaroslav Ožďan,573990,Česká Skalice,Boženy Němcové,13,+420491452789,"SO,NE, svátek: 08.00 – 10.00"
"Jaroměř, Česká Skalice",09. 11. a 10. 11.,MUDr. Karel Kalfus,574121,Jaroměř,Česká,50,+420491815077,"SO,NE, svátek: 08.00 – 10.00"
"Jaroměř, Česká Skalice",16. 11. a 17. 11.,MUDr. Lucie Strnadová,574121,Jaroměř,Z. Němečka,130,+420491812495,"SO,NE, svátek: 08.00 – 10.00"
"Jaroměř, Česká Skalice",23. 11. a 24. 11.,MUDr. Ivona Plšková,573990,Česká Skalice,Komenského ,554/a,+420491451300,"SO,NE, svátek: 08.00 – 10.00"
"Jaroměř, Česká Skalice",30. 11. a 01. 12.,MUDr. Olga Záplatová,573990,Česká Skalice,Husovo náměstí ,36,+420491452447,"SO,NE, svátek: 08.00 – 10.00"
"Jaroměř, Česká Skalice",07. 12. a 08. 12.,MDDr. Šárka Šejvlová,574121,Jaroměř,Husova,931,+420491812944,"SO,NE, svátek: 08.00 – 10.00"
"Jaroměř, Česká Skalice",14. 12. a 15. 12.,DDS. Abosaleh Ahmad Amin,574589,Velký Třebešov,,118,+420491453272,"SO,NE, svátek: 08.00 – 10.00"
"Jaroměř, Česká Skalice",21. 12. a 22.12.,MUDr. Petr Kalfus,574121,Jaroměř,Česká ,50,+420491815077,"SO,NE, svátek: 08.00 – 10.00"
"Jaroměř, Česká Skalice",24. 12.,MUDr. Ludmila Chrásková,574121,Jaroměř,Dr. E. Beneše,191,+420491812160,"SO,NE, svátek: 08.00 – 10.00"
"Jaroměř, Česká Skalice",25. 12.,MUDr. Ivona Plšková,573990,Česká Skalice,Komenského ,554/a,+420491451300,"SO,NE, svátek: 08.00 – 10.00"
"Jaroměř, Česká Skalice",26. 12.,MUDr. Jaroslav Ožďan,573990,Česká Skalice,Boženy Němcové,13,+420491452789,"SO,NE, svátek: 08.00 – 10.00"
"Jaroměř, Česká Skalice",28. 12. a 29. 12.,MUDr. Ludmila Chrásková,574121,Jaroměř,Dr. E. Beneše,191,+420491812160,"SO,NE, svátek: 08.00 – 10.00"
"Jaroměř, Česká Skalice",01.01.2020,MDDr. Veronika Kalousková,574121,Jaroměř,Husova,931,+420491812935,"SO,NE, svátek: 08.00 – 10.00"
"Jaroměř, Česká Skalice",04. 01 a 05. 01. 2020,MUDr. Miluše Jiřištová - Stomatologie Jiřištová s.r.o.,574121,Jaroměř,Z. Němečka ,130,+420491813485,"SO,NE, svátek: 08.00 – 10.00"
"Jaroměř, Česká Skalice",11. 01. a 12. 01. 2020,MUDr. Martina Bucharová,573990,Česká Skalice,Husovo náměstí ,36,+420491452447,"SO,NE, svátek: 08.00 – 10.00"
"Broumov, Police nad Metují, Machov",05. - 06. 01.2019,Medical Cannabis s.r.o. - MUDr. Farná,574341,Police nad Metují,Tyršova,327,+420491512277,"SO,NE, svátek: 09.00 – 11.00"
"Broumov, Police nad Metují, Machov",12. – 13. 01.,MUDr. Ladislav Růžička,573922,Broumov,Masarykova,30,+420603479084,"SO,NE, svátek: 09.00 – 11.00"
"Broumov, Police nad Metují, Machov",19. – 20. 01.,MUDr. Daniel Blažek,574341,Police nad Metují,ZS Police nad Metují,,+420491543844,"SO,NE, svátek: 09.00 – 11.00"
"Broumov, Police nad Metují, Machov",26. – 27. 01.,MUDr. Jaroslava Neoralová,574538,Teplice nad Metují,Horní ,109,+420602333460,"SO,NE, svátek: 09.00 – 11.00"
"Broumov, Police nad Metují, Machov",02. – 03. 02.,MUDr. Jan Kubec,574341,Police nad Metují,ZS Police nad Metují,,+420491543398,"SO,NE, svátek: 09.00 – 11.00"
"Broumov, Police nad Metují, Machov",09. – 10. 02.,DLK s.r.o. - MUDr. Dana Kapitánová,574252,Meziměstí,Školní,196,+420491582381,"SO,NE, svátek: 09.00 – 11.00"
"Broumov, Police nad Metují, Machov",16. – 17. 02.,MUDr. Ladislav Růžička ml.,573922,Broumov,Masarykova,30,+420603479132,"SO,NE, svátek: 09.00 – 11.00"
"Broumov, Police nad Metují, Machov",23. – 24. 02.,MUDr. Miloš Pastelák,573922,Broumov ,Sadová ,44,+420775717666,"SO,NE, svátek: 09.00 – 11.00"
"Broumov, Police nad Metují, Machov",02. – 03. 03.,MDDr. Petr Houštěk,574210,Machov,,103,+420602333466,"SO,NE, svátek: 09.00 – 11.00"
"Broumov, Police nad Metují, Machov",09. – 10. 03.,MUDr. Ludvík Neoral,574341,Police nad Metují,ZS Police nad Metují,,+420491541654,"SO,NE, svátek: 09.00 – 11.00"
"Broumov, Police nad Metují, Machov",16. – 17. 03.,MUDr. Jaromír Kopecký,574341,Police nad Metují,17. listopadu,387,+420602304594,"SO,NE, svátek: 09.00 – 11.00"
"Broumov, Police nad Metují, Machov",23. – 24. 03,MUDr. Libor Kapitán,574252,Meziměstí,Školní,196,+420491582381,"SO,NE, svátek: 09.00 – 11.00"
"Broumov, Police nad Metují, Machov",30. – 31. 03.,MUDr. Vjačeslav Ogriščenko,573922,Broumov,Olivětín,66,+420491502425,"SO,NE, svátek: 09.00 – 11.00"
"Broumov, Police nad Metují, Machov",06. – 07. 04.,MUDr. Lukáš Neoral ml.,574341,Police nad Metují,ZS Police nad Metují,,+420491541654,"SO,NE, svátek: 09.00 – 11.00"
"Broumov, Police nad Metují, Machov",13. – 14. 04.,Medical Cannabis s.r.o. - MUDr. Farná,574341,Police nad Metují,Tyršova,327,+420491512277,"SO,NE, svátek: 09.00 – 11.00"
"Broumov, Police nad Metují, Machov",19. 04.,MUDr. Ladislav Růžička,573922,Broumov,Masarykova,30,+420603479084,"SO,NE, svátek: 09.00 – 11.00"
"Broumov, Police nad Metují, Machov",20. 04.,MUDr. Daniel Blažek,574341,Police nad Metují,ZS Police nad Metují,,+420491543844,"SO,NE, svátek: 09.00 – 11.00"
"Broumov, Police nad Metují, Machov",21. 04.,MUDr. Jaroslava Neoralová,574538,Teplice nad Metují,Horní ,109,+420602333460,"SO,NE, svátek: 09.00 – 11.00"
"Broumov, Police nad Metují, Machov",22. 04.,MUDr. Jan Kubec,574341,Police nad Metují,ZS Police nad Metují,,+420491543398,"SO,NE, svátek: 09.00 – 11.00"
"Broumov, Police nad Metují, Machov",27. – 28. 04.,DLK s.r.o. - MUDr. Dana Kapitánová,574252,Meziměstí,Školní,196,+420491582381,"SO,NE, svátek: 09.00 – 11.00"
"Broumov, Police nad Metují, Machov",01. 05.,MUDr. Ladislav Růžička ml.,573922,Broumov,Masarykova,30,+420603479132,"SO,NE, svátek: 09.00 – 11.00"
"Broumov, Police nad Metují, Machov",04. – 05. 05.,MUDr. Miloš Pastelák,573922,Broumov ,Sadová ,44,+420775717666,"SO,NE, svátek: 09.00 – 11.00"
"Broumov, Police nad Metují, Machov",08. 05.,MDDr. Petr Houštěk,574210,Machov,,103,+420602333466,"SO,NE, svátek: 09.00 – 11.00"
"Broumov, Police nad Metují, Machov",11. – 12. 05.,MUDr. Ludvík Neoral,574341,Police nad Metují,ZS Police nad Metují,,+420491541654,"SO,NE, svátek: 09.00 – 11.00"
"Broumov, Police nad Metují, Machov",18. – 19. 05.,MUDr. Jaromír Kopecký,574341,Police nad Metují,17. listopadu,387,+420602304594,"SO,NE, svátek: 09.00 – 11.00"
"Broumov, Police nad Metují, Machov",25. – 26. 05.,MUDr. Libor Kapitán,574252,Meziměstí,Školní,196,+420491582381,"SO,NE, svátek: 09.00 – 11.00"
"Broumov, Police nad Metují, Machov",01. – 02. 06.,MUDr. Vjačeslav Ogriščenko,573922,Broumov,Olivětín,66,+420491502425,"SO,NE, svátek: 09.00 – 11.00"
"Broumov, Police nad Metují, Machov",08. – 09. 06.,Medical Cannabis s.r.o. - MUDr. Farná,574341,Police nad Metují,Tyršova,327,+420491512277,"SO,NE, svátek: 09.00 – 11.00"
"Broumov, Police nad Metují, Machov",15. – 16. 06.,MUDr. Lukáš Neoral ml.,574341,Police nad Metují,ZS Police nad Metují,,+420491541654,"SO,NE, svátek: 09.00 – 11.00"
"Broumov, Police nad Metují, Machov",22. – 23. 06.,MUDr. Ladislav Růžička,573922,Broumov,Masarykova,30,+420603479084,"SO,NE, svátek: 09.00 – 11.00"
"Broumov, Police nad Metují, Machov",29. 06. – 30. 06.,MUDr. Daniel Blažek,574341,Police nad Metují,ZS Police nad Metují,,+420491543844,"SO,NE, svátek: 09.00 – 11.00"
Vrchlabí,01.01.2019,MUDr. Miroslav Roháč,579297,Hostinné,Labská,383,+420499524357,"SO,NE, svátek: 08.00 – 12.00"
Vrchlabí,05. - 06. 01.,MUDr. Jitka Krejčová – CHRUP s.r.o.,579858,Vrchlabí,Jihoslovanská,420,+420499422050,"SO,NE, svátek: 08.00 – 12.00"
Vrchlabí,12. - 13. 01.,MUDr. Petra Jansová,579858,Vrchlabí,Slovanská,94,+420499421447,"SO,NE, svátek: 08.00 – 12.00"
Vrchlabí,19. - 20. 01.,MUDr. Miroslava Petráková,579858,Vrchlabí,Jihoslovanská,465,+420499421407,"SO,NE, svátek: 08.00 – 12.00"
Vrchlabí,26. - 27. 01.,MUDr. Magdalena Pohořelá,579858,Vrchlabí,Krkonošská,144,+420499692636,"SO,NE, svátek: 08.00 – 12.00"
Vrchlabí,02. - 03. 02.,H.M.C. Vrchlabí s.r.o.,579858,Vrchlabí,Slovanská,94,+420499421135,"SO,NE, svátek: 08.00 – 12.00"
Vrchlabí,09. - 10. 02.,MUDr. Irena Chourová,579696,Strážné,,129,+420499434200,"SO,NE, svátek: 08.00 – 12.00"
Vrchlabí,16. - 17. 02.,MUDr. Zdeněk Kužel,579432,Lánov,,129,+420499432298,"SO,NE, svátek: 08.00 – 12.00"
Vrchlabí,23. 02.,MUDr. Dana Kubátová,579858,Vrchlabí,Krkonošská,229,+420499423160,"SO,NE, svátek: 08.00 – 12.00"
Vrchlabí,24. 02.,MUDr. Zdena Tvrdoňová,579858,Vrchlabí,Školní,1336,+420499421565,"SO,NE, svátek: 08.00 – 12.00"
Vrchlabí,02. - 03. 03.,H.M.C. Vrchlabí s.r.o.,579858,Vrchlabí,Slovanská,94,+420499421135,"SO,NE, svátek: 08.00 – 12.00"
Vrchlabí,09. -10. 03.,Horská zubní ordinace s.r.o. – MDDr. Anna Horská,579858,Vrchlabí,Jihoslovanská ,465,+420721599063,"SO,NE, svátek: 08.00 – 12.00"
Vrchlabí,16. 03.,MUDr. Zdena Tvrdoňová,579858,Vrchlabí,Školní,1336,+420499421565,"SO,NE, svátek: 08.00 – 12.00"
Vrchlabí,17. 03.,MUDr. Dana Kubátová,579858,Vrchlabí,Krkonošská,229,+420499423160,"SO,NE, svátek: 08.00 – 12.00"
Vrchlabí,23. - 24. 03.,D.A.H. stomatologie s.r.o.,579297,Hostinné,B. Němcové,442,+420732803802,"SO,NE, svátek: 08.00 – 12.00"
Vrchlabí,30. a 31.03.,MUDr. Miroslava Petráková,579858,Vrchlabí,Jihoslovanská,465,+420499421407,"SO,NE, svátek: 08.00 – 12.00"
Vrchlabí,06. – 07. 04.,MUDr. Miroslav Roháč,579297,Hostinné,Labská,383,+420499524357,"SO,NE, svátek: 08.00 – 12.00"
Vrchlabí,13. a 14.04.,MUDr. Jitka Krejčová – CHRUP s.r.o.,579858,Vrchlabí,Jihoslovanská,420,+420499422050,"SO,NE, svátek: 08.00 – 12.00"
Vrchlabí,19. 04.,MUDr. Petra Jansová,579858,Vrchlabí,Slovanská,94,+420499421447,"SO,NE, svátek: 08.00 – 12.00"
Vrchlabí,20. - 21. 04.,K2Dent s.r.o. - MUDr. Libuše Knapová,579645,Rudník,,330,+420735752827,"SO,NE, svátek: 08.00 – 12.00"
Vrchlabí,22. 04.,MUDr. Jitka Krejčová – CHRUP s.r.o.,579858,Vrchlabí,Jihoslovanská,420,+420499422050,"SO,NE, svátek: 08.00 – 12.00"
Vrchlabí,27. - 28. 04.,MUDr. Miroslava Petráková,579858,Vrchlabí,Jihoslovanská,465,+420499421407,"SO,NE, svátek: 08.00 – 12.00"
Vrchlabí,01. 05.,MUDr. Zdeněk Kužel,579432,Lánov,,129,+420499432298,"SO,NE, svátek: 08.00 – 12.00"
Vrchlabí,04. - 05. 05.,MUDr. Irena Chourová,579696,Strážné,,129,+420499434200,"SO,NE, svátek: 08.00 – 12.00"
Vrchlabí,08. 05.,MUDr. Magdalena Pohořelá,579858,Vrchlabí,Krkonošská,144,+420499692636,"SO,NE, svátek: 08.00 – 12.00"
Vrchlabí,11. - 12. 05.,H.M.C. Vrchlabí s.r.o.,579858,Vrchlabí,Slovanská,94,+420499421135,"SO,NE, svátek: 08.00 – 12.00"
Vrchlabí,18. - 19. 05.,MUDr. Jitka Krejčová – CHRUP s.r.o.,579858,Vrchlabí,Jihoslovanská,420,+420499422050,"SO,NE, svátek: 08.00 – 12.00"
Vrchlabí,25. – 26. 05,K2Dent s.r.o. - MUDr. Libuše Knapová,579645,Rudník,,330,+420735752827,"SO,NE, svátek: 08.00 – 12.00"
Vrchlabí,01. - 02. 06.,MUDr. Dana Kubátová,579858,Vrchlabí,Krkonošská,229,+420499423160,"SO,NE, svátek: 08.00 – 12.00"
Vrchlabí,08. - 09. 06.,MUDr. Petra Jansová,579858,Vrchlabí,Slovanská,94,+420499421447,"SO,NE, svátek: 08.00 – 12.00"
Vrchlabí,15. - 16. 06.,D.A.H. stomatologie s.r.o.,579297,Hostinné,B. Němcové,442,+420732803802,"SO,NE, svátek: 08.00 – 12.00"
Vrchlabí,22. - 23. 06.,MUDr. Miroslava Petráková,579858,Vrchlabí,Jihoslovanská,465,+420499421407,"SO,NE, svátek: 08.00 – 12.00"
Vrchlabí,29. 06. – 30. 06.,H.M.C. Vrchlabí s.r.o.,579858,Vrchlabí,Slovanská,94,+420499421135,"SO,NE, svátek: 08.00 – 12.00"
Vrchlabí,05. 07.,Horská zubní ordinace s.r.o. – MDDr. Anna Horská,579858,Vrchlabí,Jihoslovanská ,465,+420721599063,"SO,NE, svátek: 08.00 – 12.00"
Vrchlabí,06. a 07.07.,MUDr. Irena Chourová,579696,Strážné,,129,+420499434200,"SO,NE, svátek: 08.00 – 12.00"
Vrchlabí,13. - 14. 07.,K2Dent s.r.o. - MUDr. Libuše Knapová,579645,Rudník,,330,+420735752827,"SO,NE, svátek: 08.00 – 12.00"
Vrchlabí,20. – 21. 07,MUDr. Jitka Krejčová – CHRUP s.r.o.,579858,Vrchlabí,Jihoslovanská,420,+420499422050,"SO,NE, svátek: 08.00 – 12.00"
Vrchlabí,27. - 28. 07.,MUDr. Zdena Tvrdoňová,579858,Vrchlabí,Školní,1336,+420499421565,"SO,NE, svátek: 08.00 – 12.00"
Vrchlabí,03. – 04. 08.,MUDr. Miroslava Petráková,579858,Vrchlabí,Jihoslovanská,465,+420499421407,"SO,NE, svátek: 08.00 – 12.00"
Vrchlabí,10. - 11. 08.,MUDr. Magdalena Pohořelá,579858,Vrchlabí,Krkonošská,144,+420499692636,"SO,NE, svátek: 08.00 – 12.00"
Vrchlabí,17. - 18. 08.,D.A.H. stomatologie s.r.o.,579297,Hostinné,B. Němcové,442,+420732803802,"SO,NE, svátek: 08.00 – 12.00"
Vrchlabí,24. - 25. 08.,MUDr. Jitka Krejčová – CHRUP s.r.o.,579858,Vrchlabí,Jihoslovanská,420,+420499422050,"SO,NE, svátek: 08.00 – 12.00"
Vrchlabí,31.08. - 01. 09.,H.M.C. Vrchlabí s.r.o.,579858,Vrchlabí,Slovanská,94,+420499421135,"SO,NE, svátek: 08.00 – 12.00"
Vrchlabí,07. – 08. 09.,Horská zubní ordinace s.r.o. – MDDr. Anna Horská,579858,Vrchlabí,Jihoslovanská ,465,+420721599063,"SO,NE, svátek: 08.00 – 12.00"
Vrchlabí,14. - 15. 09.,MUDr. Zdena Tvrdoňová,579858,Vrchlabí,Školní,1336,+420499421565,"SO,NE, svátek: 08.00 – 12.00"
Vrchlabí,21. - 22. 09.,MUDr. Zdeněk Kužel,579432,Lánov,,129,+420499432298,"SO,NE, svátek: 08.00 – 12.00"
Vrchlabí,28. - 29. 09.,MUDr. Miroslava Petráková,579858,Vrchlabí,Jihoslovanská,465,+420499421407,"SO,NE, svátek: 08.00 – 12.00"
Vrchlabí,05. – 06.10.,MUDr. Miroslav Roháč,579297,Hostinné,Labská,383,+420499524357,"SO,NE, svátek: 08.00 – 12.00"
Vrchlabí,12. - 13. 10.,H.M.C. Vrchlabí s.r.o.,579858,Vrchlabí,Slovanská,94,+420499421135,"SO,NE, svátek: 08.00 – 12.00"
Vrchlabí,19. - 20. 10.,MUDr. Jitka Krejčová – CHRUP s.r.o.,579858,Vrchlabí,Jihoslovanská,420,+420499422050,"SO,NE, svátek: 08.00 – 12.00"
Vrchlabí,26. - 27. 10.,K2Dent s.r.o. - MUDr. Libuše Knapová,579645,Rudník,,330,+420735752827,"SO,NE, svátek: 08.00 – 12.00"
Vrchlabí,28. 10.,MUDr. Miroslava Petráková,579858,Vrchlabí,Jihoslovanská,465,+420499421407,"SO,NE, svátek: 08.00 – 12.00"
Vrchlabí,02. 11. – 03. 11.,MUDr. Petra Jansová,579858,Vrchlabí,Slovanská,94,+420499421447,"SO,NE, svátek: 08.00 – 12.00"
Vrchlabí,09. - 10. 11.,MUDr. Miroslav Roháč,579297,Hostinné,Labská,383,+420499524357,"SO,NE, svátek: 08.00 – 12.00"
Vrchlabí,16. - 17. 11.,MUDr. Magdalena Pohořelá,579858,Vrchlabí,Krkonošská,144,+420499692636,"SO,NE, svátek: 08.00 – 12.00"
Vrchlabí,23. - 24. 11.,MUDr. Zdeněk Kužel,579432,Lánov,,129,+420499432298,"SO,NE, svátek: 08.00 – 12.00"
Vrchlabí,30. 11. - 01. 12.,MUDr. Irena Chourová,579696,Strážné,,129,+420499434200,"SO,NE, svátek: 08.00 – 12.00"
Vrchlabí,07. - 08. 12.,MUDr. Jitka Krejčová – CHRUP s.r.o.,579858,Vrchlabí,Jihoslovanská,420,+420499422050,"SO,NE, svátek: 08.00 – 12.00"
Vrchlabí,14. – 15. 12.,H.M.C. Vrchlabí s.r.o.,579858,Vrchlabí,Slovanská,94,+420499421135,"SO,NE, svátek: 08.00 – 12.00"
Vrchlabí,21. - 22. 12.,Horská zubní ordinace s.r.o. – MDDr. Anna Horská,579858,Vrchlabí,Jihoslovanská ,465,+420721599063,"SO,NE, svátek: 08.00 – 12.00"
Vrchlabí,24. 12.,MUDr. Miroslava Petráková,579858,Vrchlabí,Jihoslovanská,465,+420499421407,"SO,NE, svátek: 08.00 – 12.00"
Vrchlabí,25. 12.,MUDr. Zdena Tvrdoňová,579858,Vrchlabí,Školní,1336,+420499421565,"SO,NE, svátek: 08.00 – 12.00"
Vrchlabí,26.12.,D.A.H. stomatologie s.r.o.,579297,Hostinné,B. Němcové,442,+420732803802,"SO,NE, svátek: 08.00 – 12.00"
Vrchlabí,28. – 29.12.,MUDr. Dana Kubátová,579858,Vrchlabí,Krkonošská,229,+420499423160,"SO,NE, svátek: 08.00 – 12.00"
Vrchlabí,01.01.2020,H.M.C. Vrchlabí s.r.o.,579858,Vrchlabí,Slovanská,94,+420499421135,"SO,NE, svátek: 08.00 – 12.00"
Dvůr Králové nad Labem,01.01.2019,Soukromá stomatolog.ordinace s.r.o. - MUDr. Jiřina Klustová,579203,Dvůr Králové nad Labem,Preslova ,446,+420499622560,"SO,NE, svátek: 08.00 – 12.00"
Dvůr Králové nad Labem,05. - 06. 01.,MUDr. Jiří Záplata,579327,Choustníkovo Hradiště,,42,+420499392811,"SO,NE, svátek: 08.00 – 12.00"
Dvůr Králové nad Labem,12. - 13. 01.,MUDr. Gustav Hrabý,579203,Dvůr Králové nad Labem,Fügnerova,519,+420499320795,"SO,NE, svátek: 08.00 – 12.00"
Dvůr Králové nad Labem,19. - 20. 01.,MUDr. Věra Hrabyová,579203,Dvůr Králové nad Labem,Fügnerova,519,+420499320795,"SO,NE, svátek: 08.00 – 12.00"
Dvůr Králové nad Labem,26. - 27. 01.,DentMode s.r.o.,579203,Dvůr Králové nad Labem,Poděbradova,1959,+420491616464,"SO,NE, svátek: 08.00 – 12.00"
Dvůr Králové nad Labem,02. - 03. 02.,MUDr. Rudolf Dušánek,579203,Dvůr Králové nad Labem,Roháčova,2968,+420603994436,"SO,NE, svátek: 08.00 – 12.00"
Dvůr Králové nad Labem,09. – 10. 02.,DentMode s.r.o.,579203,Dvůr Králové nad Labem,Poděbradova,1959,+420491616464,"SO,NE, svátek: 08.00 – 12.00"
Dvůr Králové nad Labem,16. - 17. 02.,MUDr. Miroslava Landová,579203,Dvůr Králové nad Labem,Spojených národů,743,+420499321931,"SO,NE, svátek: 08.00 – 12.00"
Dvůr Králové nad Labem,23. – 24. 02.,Prouzovi s.r.o.,579203,Dvůr Králové nad Labem,Šafaříkova,1105,+420499321028,"SO,NE, svátek: 08.00 – 12.00"
Dvůr Králové nad Labem,02. – 03. 03.,Prouzovi s.r.o.,579203,Dvůr Králové nad Labem,Šafaříkova,1105,+420499321028,"SO,NE, svátek: 08.00 – 12.00"
Dvůr Králové nad Labem,09. – 10. 03.,Prouzovi s.r.o.,579203,Dvůr Králové nad Labem,Šafaříkova,1105,+420499321028,"SO,NE, svátek: 08.00 – 12.00"
Dvůr Králové nad Labem,16. – 17. 03.,MDDr. Petra Andrlová,579068,Bílá Třemešná,,31,+420732580139,"SO,NE, svátek: 08.00 – 12.00"
Dvůr Králové nad Labem,23. – 24.03.,Soukromá stomatolog.ordinace s.r.o. - MUDr. Jiřina Klustová,579203,Dvůr Králové nad Labem,Preslova ,446,+420499622560,"SO,NE, svátek: 08.00 – 12.00"
Dvůr Králové nad Labem,30. – 31. 03.,MUDr. Petra Šípková s.r.o.,579203,Dvůr Králové nad Labem,Rooseveltova,474,+420499621425,"SO,NE, svátek: 08.00 – 12.00"
Dvůr Králové nad Labem,06. – 07. 04.,Stom-Gyn s.r.o. - MUDr. Hana Šujáková,579203,Dvůr Králové nad Labem,Rooseveltova,474,+420499621423,"SO,NE, svátek: 08.00 – 12.00"
Dvůr Králové nad Labem,13. – 14. 04.,Prouzovi s.r.o.,579203,Dvůr Králové nad Labem,Šafaříkova,1105,+420499321028,"SO,NE, svátek: 08.00 – 12.00"
Dvůr Králové nad Labem,19. - 20. 04.,MUDr. Jiří Záplata,579327,Choustníkovo Hradiště,,42,+420499392811,"SO,NE, svátek: 08.00 – 12.00"
Dvůr Králové nad Labem,21. – 22. 04.,MUDr. Gustav Hrabý,579203,Dvůr Králové nad Labem,Fügnerova,519,+420499320795,"SO,NE, svátek: 08.00 – 12.00"
Dvůr Králové nad Labem,27. – 28. 04.,MUDr. Věra Hrabyová,579203,Dvůr Králové nad Labem,Fügnerova,519,+420499320795,"SO,NE, svátek: 08.00 – 12.00"
Dvůr Králové nad Labem,01. 05.,DentMode s.r.o.,579203,Dvůr Králové nad Labem,Poděbradova,1959,+420491616464,"SO,NE, svátek: 08.00 – 12.00"
Dvůr Králové nad Labem,04. – 05. 05.,MUDr. Rudolf Dušánek,579203,Dvůr Králové nad Labem,Roháčova,2968,+420603994436,"SO,NE, svátek: 08.00 – 12.00"
Dvůr Králové nad Labem,08. 05.,DentMode s.r.o.,579203,Dvůr Králové nad Labem,Poděbradova,1959,+420491616464,"SO,NE, svátek: 08.00 – 12.00"
Dvůr Králové nad Labem,11. – 12. 05.,MUDr. Miroslava Landová,579203,Dvůr Králové nad Labem,Spojených národů,743,+420499321931,"SO,NE, svátek: 08.00 – 12.00"
Dvůr Králové nad Labem,18. – 19. 05.,Prouzovi s.r.o.,579203,Dvůr Králové nad Labem,Šafaříkova,1105,+420499321028,"SO,NE, svátek: 08.00 – 12.00"
Dvůr Králové nad Labem,25. – 26. 05.,Prouzovi s.r.o.,579203,Dvůr Králové nad Labem,Šafaříkova,1105,+420499321028,"SO,NE, svátek: 08.00 – 12.00"
Dvůr Králové nad Labem,01. – 02. 06.,Prouzovi s.r.o.,579203,Dvůr Králové nad Labem,Šafaříkova,1105,+420499321028,"SO,NE, svátek: 08.00 – 12.00"
Dvůr Králové nad Labem,08. – 09. 06.,MDDr. Petra Andrlová,579068,Bílá Třemešná,,31,+420732580139,"SO,NE, svátek: 08.00 – 12.00"
Dvůr Králové nad Labem,15. – 16. 06.,Soukromá stomatolog.ordinace s.r.o. - MUDr. Jiřina Klustová,579203,Dvůr Králové nad Labem,Preslova ,446,+420499622560,"SO,NE, svátek: 08.00 – 12.00"
Dvůr Králové nad Labem,22. – 23.06.,MUDr. Petra Šípková s.r.o.,579203,Dvůr Králové nad Labem,Rooseveltova,474,+420499621425,"SO,NE, svátek: 08.00 – 12.00"
Dvůr Králové nad Labem,29. 06. – 30.06.,Stom-Gyn s.r.o. - MUDr. Hana Šujáková,579203,Dvůr Králové nad Labem,Rooseveltova,474,+420499621423,"SO,NE, svátek: 08.00 – 12.00"
Dvůr Králové nad Labem,05. 07.,Prouzovi s.r.o.,579203,Dvůr Králové nad Labem,Šafaříkova,1105,+420499321028,"SO,NE, svátek: 08.00 – 12.00"
Dvůr Králové nad Labem,06. 07. – 07. 07.,MUDr. Jiří Záplata,579327,Choustníkovo Hradiště,,42,+420499392811,"SO,NE, svátek: 08.00 – 12.00"
Dvůr Králové nad Labem,13. – 14. 07.,MUDr. Gustav Hrabý,579203,Dvůr Králové nad Labem,Fügnerova,519,+420499320795,"SO,NE, svátek: 08.00 – 12.00"
Dvůr Králové nad Labem,20. – 21. 07.,MUDr. Věra Hrabyová,579203,Dvůr Králové nad Labem,Fügnerova,519,+420499320795,"SO,NE, svátek: 08.00 – 12.00"
Dvůr Králové nad Labem,27. – 28. 07.,DentMode s.r.o.,579203,Dvůr Králové nad Labem,Poděbradova,1959,+420491616464,"SO,NE, svátek: 08.00 – 12.00"
Dvůr Králové nad Labem,03. – 04. 08.,MUDr. Rudolf Dušánek,579203,Dvůr Králové nad Labem,Roháčova,2968,+420603994436,"SO,NE, svátek: 08.00 – 12.00"
Dvůr Králové nad Labem,10. – 11. 08.,DentMode s.r.o.,579203,Dvůr Králové nad Labem,Poděbradova,1959,+420491616464,"SO,NE, svátek: 08.00 – 12.00"
Dvůr Králové nad Labem,17. – 18. 08.,Prouzovi s.r.o.,579203,Dvůr Králové nad Labem,Šafaříkova,1105,+420499321028,"SO,NE, svátek: 08.00 – 12.00"
Dvůr Králové nad Labem,24. – 25. 08.,MUDr. Miroslava Landová,579203,Dvůr Králové nad Labem,Spojených národů,743,+420499321931,"SO,NE, svátek: 08.00 – 12.00"
Dvůr Králové nad Labem,31. 08. – 01. 09.,Prouzovi s.r.o.,579203,Dvůr Králové nad Labem,Šafaříkova,1105,+420499321028,"SO,NE, svátek: 08.00 – 12.00"
Dvůr Králové nad Labem,07. – 08. 09.,Prouzovi s.r.o.,579203,Dvůr Králové nad Labem,Šafaříkova,1105,+420499321028,"SO,NE, svátek: 08.00 – 12.00"
Dvůr Králové nad Labem,14. – 15. 09.,MDDr. Petra Andrlová,579068,Bílá Třemešná,,31,+420732580139,"SO,NE, svátek: 08.00 – 12.00"
Dvůr Králové nad Labem,21. – 22. 09.,Soukromá stomatolog.ordinace s.r.o. - MUDr. Jiřina Klustová,579203,Dvůr Králové nad Labem,Preslova ,446,+420499622560,"SO,NE, svátek: 08.00 – 12.00"
Dvůr Králové nad Labem,28. 09. – 29.09.,MUDr. Petra Šípková s.r.o.,579203,Dvůr Králové nad Labem,Rooseveltova,474,+420499621425,"SO,NE, svátek: 08.00 – 12.00"
Dvůr Králové nad Labem,05. – 06. 10.,Stom-Gyn s.r.o. - MUDr. Hana Šujáková,579203,Dvůr Králové nad Labem,Rooseveltova,474,+420499621423,"SO,NE, svátek: 08.00 – 12.00"
Dvůr Králové nad Labem,12. – 13.10.,Prouzovi s.r.o.,579203,Dvůr Králové nad Labem,Šafaříkova,1105,+420499321028,"SO,NE, svátek: 08.00 – 12.00"
Dvůr Králové nad Labem,19. – 20.10.,MUDr. Jiří Záplata,579327,Choustníkovo Hradiště,,42,+420499392811,"SO,NE, svátek: 08.00 – 12.00"
Dvůr Králové nad Labem,26. – 27.10.,MUDr. Gustav Hrabý,579203,Dvůr Králové nad Labem,Fügnerova,519,+420499320795,"SO,NE, svátek: 08.00 – 12.00"
Dvůr Králové nad Labem,28.10.,MUDr. Věra Hrabyová,579203,Dvůr Králové nad Labem,Fügnerova,519,+420499320795,"SO,NE, svátek: 08.00 – 12.00"
Dvůr Králové nad Labem,02. – 03. 11.,DentMode s.r.o.,579203,Dvůr Králové nad Labem,Poděbradova,1959,+420491616464,"SO,NE, svátek: 08.00 – 12.00"
Dvůr Králové nad Labem,09. – 10. 11.,MUDr. Rudolf Dušánek,579203,Dvůr Králové nad Labem,Roháčova,2968,+420603994436,"SO,NE, svátek: 08.00 – 12.00"
Dvůr Králové nad Labem,16. – 17. 11.,DentMode s.r.o.,579203,Dvůr Králové nad Labem,Poděbradova,1959,+420491616464,"SO,NE, svátek: 08.00 – 12.00"
Dvůr Králové nad Labem,23. – 24. 11.,MUDr. Miroslava Landová,579203,Dvůr Králové nad Labem,Spojených národů,743,+420499321931,"SO,NE, svátek: 08.00 – 12.00"
Dvůr Králové nad Labem,30. 11. – 01. 12.,Prouzovi s.r.o.,579203,Dvůr Králové nad Labem,Šafaříkova,1105,+420499321028,"SO,NE, svátek: 08.00 – 12.00"
Dvůr Králové nad Labem,07. – 08. 12.,Prouzovi s.r.o.,579203,Dvůr Králové nad Labem,Šafaříkova,1105,+420499321028,"SO,NE, svátek: 08.00 – 12.00"
Dvůr Králové nad Labem,14. – 15. 12.,Prouzovi s.r.o.,579203,Dvůr Králové nad Labem,Šafaříkova,1105,+420499321028,"SO,NE, svátek: 08.00 – 12.00"
Dvůr Králové nad Labem,21. – 22. 12.,MDDr. Petra Andrlová,579068,Bílá Třemešná,,31,+420732580139,"SO,NE, svátek: 08.00 – 12.00"
Dvůr Králové nad Labem,24. 12.,MUDr. Věra Hrabyová,579203,Dvůr Králové nad Labem,Fügnerova,519,+420499320795,"SO,NE, svátek: 08.00 – 12.00"
Dvůr Králové nad Labem,25. 12.,DentMode s.r.o.,579203,Dvůr Králové nad Labem,Poděbradova,1959,+420491616464,"SO,NE, svátek: 08.00 – 12.00"
Dvůr Králové nad Labem,26. 12.,DentMode s.r.o.,579203,Dvůr Králové nad Labem,Poděbradova,1959,+420491616464,"SO,NE, svátek: 08.00 – 12.00"
Dvůr Králové nad Labem,28. 12.,MUDr. Rudolf Dušánek,579203,Dvůr Králové nad Labem,Roháčova,2968,+420603994436,"SO,NE, svátek: 08.00 – 12.00"
Dvůr Králové nad Labem,29. 12.,DentMode s.r.o.,579203,Dvůr Králové nad Labem,Poděbradova,1959,+420491616464,"SO,NE, svátek: 08.00 – 12.00"
Dvůr Králové nad Labem,01.01.2020,MUDr. Gustav Hrabý,579203,Dvůr Králové nad Labem,Fügnerova,519,+420499320795,"SO,NE, svátek: 08.00 – 12.00"
Trutnov,01.01.2019,SANOVA s.r.o. - MUDr. Milena Brátová,579599,Pilníkov,,100,+420499898125,"SO,NE, svátek: 08.00 – 12.00"
Trutnov,05. - 06. 01.,MDDr. Vojtěch Novotný,579025,Trutnov,U Hřiště,212,+420737020017,"SO,NE, svátek: 08.00 – 12.00"
Trutnov,12. - 13.01.,"K2 stomatologie, s.r.o. – MDDr. Martin Košťál",579025,Trutnov,Pražská,537,+420776557805,"SO,NE, svátek: 08.00 – 12.00"
Trutnov,19. - 20.01.,ZDRAVÝ ÚSMĚV TU s.r.o. – MUDr. Helena Petrová,579025,Trutnov,Polská,91/14,+420732672637,"SO,NE, svátek: 08.00 – 12.00"
Trutnov,26. - 27. 01.,ImplaDent s.r.o.,579025,Trutnov,nábřeží Václava Havla,208,+420720072605,"SO,NE, svátek: 08.00 – 12.00"
Trutnov,02. - 03. 02.,MUDr. Irena Millerová,579513,Malé Svatoňovice,nám. K. Čapka,147,+420499886384,"SO,NE, svátek: 08.00 – 12.00"
Trutnov,09. - 10. 02.,STOdent s.r.o. -MDDr. Ondřej Krčmář,579025,Trutnov,Říční,102,+420720656274,"SO,NE, svátek: 08.00 – 12.00"
Trutnov,16. - 17. 02.,"Zubní ordinace Janské Lázně, s.r.o. – MUDr. Jana Danielová",579351,Janské Lázně,Černohorská,85,+420731732177,"SO,NE, svátek: 08.00 – 12.00"
Trutnov,23. - 24. 02.,Centrum zdravých zubů s.r.o. – MUDr. Petr Bednář,579777,Úpice,Dr. Hejny,133,+420602623210,"SO,NE, svátek: 08.00 – 12.00"
Trutnov,02. - 03. 03.,MDDr. Vojtěch Novotný,579025,Trutnov,U Hřiště,212,+420737020017,"SO,NE, svátek: 08.00 – 12.00"
Trutnov,09. - 10. 03.,ZAPA stomatologie s.r.o. – MDDr. Petr Zapadlo,579025,Trutnov,Polská ,367,+420499818003,"SO,NE, svátek: 08.00 – 12.00"
Trutnov,16. - 17. 03.,MUDr. Ladislava Rudolfová,579025,Trutnov,Havlíčkova,113/8,+420499811550,"SO,NE, svátek: 08.00 – 12.00"
Trutnov,23. - 24. 03.,STOMATOLOGYE.VYK s.r.o. - MUDr. Simona Vykouřilová,579211,Hajnice,,35,+420499393810,"SO,NE, svátek: 08.00 – 12.00"
Trutnov,30. – 31. 03.,MUDr. Miroslava Vojáčková,579025,Trutnov,Polská,91/14,+420499815229,"SO,NE, svátek: 08.00 – 12.00"
Trutnov,06. – 07. 04.,MDDr. Lukáš Jon,579777,Úpice,Bratří Čapků ,773,+420499846071,"SO,NE, svátek: 08.00 – 12.00"
Trutnov,13. 04. – 14. 04.,MUDr. Petra Pilcová,579025,Trutnov,Krakonošovo náměstí,127,+420491617006,"SO,NE, svátek: 08.00 – 12.00"
Trutnov,19. 04.,MUDr. Karolína Feduňová,579581,Pec pod Sněžkou,,315,+420603413113,"SO,NE, svátek: 08.00 – 12.00"
Trutnov,20. - 21. 04.,Stovicek Dent. s.r.o. – MUDr. Táňa Šťovíčková,579025,Trutnov,Komenského,821,+420499907260,"SO,NE, svátek: 08.00 – 12.00"
Trutnov,22. 04.,Stovicek Dent. s.r.o. – MUDr. Táňa Šťovíčková,579025,Trutnov,Komenského,821,+420499907260,"SO,NE, svátek: 08.00 – 12.00"
Trutnov,27. - 28. 04.,MUDr. Eva Davidová,579025,Trutnov,Sokolská,238,+420499735314,"SO,NE, svátek: 08.00 – 12.00"
Trutnov,01. 05.,MUDr. František Havelka,579025,Trutnov,Veleslavínova,66,+420499818509,"SO,NE, svátek: 08.00 – 12.00"
Trutnov,04. - 05. 05.,MUDr. Jolana Nezvalová,579777,Úpice,Bratří Čapků,773,+420499846073,"SO,NE, svátek: 08.00 – 12.00"
Trutnov,08. 05.,MUDr. Miroslav Voženílek,579025,Trutnov,Polská,91/14,+420499814867,"SO,NE, svátek: 08.00 – 12.00"
Trutnov,11. - 12. 05.,MUDr. Miroslava Kodrová,579025,Trutnov,Polská,91/14,+420499815585,"SO,NE, svátek: 08.00 – 12.00"
Trutnov,18. - 19. 05.,ZDRAVÝ ÚSMĚV TU s.r.o. – MUDr. Helena Petrová,579025,Trutnov,Polská,91/14,+420732672637,"SO,NE, svátek: 08.00 – 12.00"
Trutnov,25. - 26. 05.,MUDr. Miroslav Voženílek,579025,Trutnov,Polská,91/14,+420499814867,"SO,NE, svátek: 08.00 – 12.00"
Trutnov,01. - 02. 06.,Dentinum s.r.o. – MUDr. Iva Šubrtová,579025,Trutnov,Polská,367,+420736175958,"SO,NE, svátek: 08.00 – 12.00"
Trutnov,08. - 09. 06.,denTu s.r.o. – MDDr. David Aichler,579025,Trutnov,Horská,634,+420608191099,"SO,NE, svátek: 08.00 – 12.00"
Trutnov,15. - 16. 06.,Stomatologie Radvanice s.r.o. -MUDr. Magda Gratzová,579629,Radvanice,,25,+420499897411,"SO,NE, svátek: 08.00 – 12.00"
Trutnov,22. - 23. 06.,"K2 stomatologie, s.r.o. – MDDr. Martin Košťál",579025,Trutnov,Pražská,537,+420776557805,"SO,NE, svátek: 08.00 – 12.00"
Trutnov,29. - 30. 06.,MDDr. Vojtěch Novotný,579025,Trutnov,U Hřiště,212,+420737020017,"SO,NE, svátek: 08.00 – 12.00"
Trutnov,05. 07.,MUDr. Rudolf Dušánek,579025,Trutnov,Kladská,466,+420499826558,"SO,NE, svátek: 08.00 – 12.00"
Trutnov,06. – 07. 07.,STOdent s.r.o. -MDDr. Ondřej Krčmář,579025,Trutnov,Říční,102,+420720656274,"SO,NE, svátek: 08.00 – 12.00"
Trutnov,13. - 14. 07.,MDDr. Lukáš Jon,579777,Úpice,Bratří Čapků ,773,+420499846071,"SO,NE, svátek: 08.00 – 12.00"
Trutnov,20. - 21. 07.,MUDr. Břetislav Hofman,579025,Trutnov,Úpské nábřeží,379,+420499817335,"SO,NE, svátek: 08.00 – 12.00"
Trutnov,27. - 28. 07.,"Zubní ordinace Janské Lázně, s.r.o. – MUDr. Jana Danielová",579351,Janské Lázně,Černohorská,85,+420731732177,"SO,NE, svátek: 08.00 – 12.00"
Trutnov,03. - 04. 08.,MUDr. Věra Holubcová,579025,Trutnov,Polská,91/14,+420499879116,"SO,NE, svátek: 08.00 – 12.00"
Trutnov,10. - 11. 08.,MUDr. Eva Jirásková,579637,Rtyně v Podkrkonoší,Hornická,417,+420776589020,"SO,NE, svátek: 08.00 – 12.00"
Trutnov,17. - 18. 08.,MUDr. Miroslava Vojáčková,579025,Trutnov,Polská,91/14,+420499815229,"SO,NE, svátek: 08.00 – 12.00"
Trutnov,24. - 25. 08,MUDr. Vladimír Hrudík,579025,Trutnov,Žižkova,239/16,+420499817592,"SO,NE, svátek: 08.00 – 12.00"
Trutnov,31. 08. - 01. 09.,MUDr. Petra Pilcová,579025,Trutnov,Krakonošovo náměstí,127,+420491617006,"SO,NE, svátek: 08.00 – 12.00"
Trutnov,07. – 08. 09.,STOMATOLOGYE.VYK s.r.o. - MUDr. Simona Vykouřilová,579211,Hajnice,,35,+420499393810,"SO,NE, svátek: 08.00 – 12.00"
Trutnov,14. - 15. 09.,Centrum zdravých zubů s.r.o. – MUDr. Petr Bednář,579777,Úpice,Dr. Hejny,133,+420602623210,"SO,NE, svátek: 08.00 – 12.00"
Trutnov,21. - 22. 09.,MUDr. Karolína Feduňová,579581,Pec pod Sněžkou,,315,+420603413113,"SO,NE, svátek: 08.00 – 12.00"
Trutnov,28. - 29. 09.,ZAPA stomatologie s.r.o. – MDDr. Petr Zapadlo,579025,Trutnov,Polská,367,+420499818003,"SO,NE, svátek: 08.00 – 12.00"
Trutnov,05. – 06. 10.,MUDr. Eva Davidová,579025,Trutnov,Sokolská,238,+420499735314,"SO,NE, svátek: 08.00 – 12.00"
Trutnov,12. - 13. 10.,Dentinum s.r.o. – MUDr. Iva Šubrtová,579025,Trutnov,Polská,367,+420736175958,"SO,NE, svátek: 08.00 – 12.00"
Trutnov,19. - 20. 10.,denTu s.r.o. – MDDr. David Aichler,579025,Trutnov,Horská,634,+420608191099,"SO,NE, svátek: 08.00 – 12.00"
Trutnov,26. - 27. 10.,MUDr. Miroslava Kodrová,579025,Trutnov,Polská,91/14,+420499815585,"SO,NE, svátek: 08.00 – 12.00"
Trutnov,28. 10.,STOdent s.r.o. -MDDr. Ondřej Krčmář,579025,Trutnov,Říční,102,+420720656274,"SO,NE, svátek: 08.00 – 12.00"
Trutnov,02. - 03. 11.,MUDr. Vladimír Hrudík,579025,Trutnov,Žižkova,239/16,+420499817592,"SO,NE, svátek: 08.00 – 12.00"
Trutnov,09. - 10. 11.,MUDr. Ladislava Rudolfová,579025,Trutnov,Havlíčkova,113/8,+420499811550,"SO,NE, svátek: 08.00 – 12.00"
Trutnov,16. - 17. 11.,MUDr. Miroslava Vojáčková,579025,Trutnov,Polská,91/14,+420499815229,"SO,NE, svátek: 08.00 – 12.00"
Trutnov,23. - 24. 11,SANOVA s.r.o. - MUDr. Milena Brátová,579599,Pilníkov,,100,+420499898125,"SO,NE, svátek: 08.00 – 12.00"
Trutnov,30. 11. - 01. 12.,MUDr. Miroslav Voženílek,579025,Trutnov,Polská,91/14,+420499814867,"SO,NE, svátek: 08.00 – 12.00"
Trutnov,07. – 08. 12.,MUDr. Břetislav Hofman,579025,Trutnov,Úpské nábřeží,379,+420499817335,"SO,NE, svátek: 08.00 – 12.00"
Trutnov,14. - 15. 12.,MDDr. Vojtěch Novotný,579025,Trutnov,U Hřiště,212,+420737020017,"SO,NE, svátek: 08.00 – 12.00"
Trutnov,21. - 22. 12.,MUDr. Věra Holubcová,579025,Trutnov,Polská,91/14,+420499879116,"SO,NE, svátek: 08.00 – 12.00"
Trutnov,24. 12.,Stovicek Dent. s.r.o. – MUDr. Táňa Šťovíčková,579025,Trutnov,Komenského,821,+420499907260,"SO,NE, svátek: 08.00 – 12.00"
Trutnov,25. 12.,MUDr. Vladimíra Skrbková,579734,Svoboda nad Úpou,5. května,424,+420605356933,"SO,NE, svátek: 08.00 – 12.00"
Trutnov,26. 12.,S – Dentis s.r.o. – MUDr. Jitka Slavíčková,579025,Trutnov,Pražského povstání ,543,+420499732032,"SO,NE, svátek: 08.00 – 12.00"
Trutnov,28. - 29. 12.,MUDr. Jolana Nezvalová,579777,Úpice,Bratří Čapků,773,+420499846073,"SO,NE, svátek: 08.00 – 12.00"
Trutnov,01.01.2020,Stomatologie Radvanice s.r.o. -MUDr. Magda Gratzová,579629,Radvanice,,25,+420499897411,"SO,NE, svátek: 08.00 – 12.00"
"Náchod, Hronov, Červený Kostelec, Nové Město nad Metují",01.01.2019,MUDr. Tomáš Žďárský,574023,Dolní Radechová,Náchodská,240,+420491424322,"SO,NE, svátek: 08.00 – 12.00"
"Náchod, Hronov, Červený Kostelec, Nové Město nad Metují",05. 01. – 06. 01. 2019,MDDr. Tomáš Hýbl,573868,Náchod,Hálkova,367,+420491428636,"SO,NE, svátek: 08.00 – 12.00"
"Náchod, Hronov, Červený Kostelec, Nové Město nad Metují",12. 01. a 13. 01.,MUDr. Miroslava Jirmanová,574279,Nové Město nad Metují,Komenského,48,+420491472947,"SO,NE, svátek: 08.00 – 12.00"
"Náchod, Hronov, Červený Kostelec, Nové Město nad Metují",19. 01. a 20. 01.,MUDr. Ludmila Jánská,573868,Náchod,Bartoňova,1006,+420491421604,"SO,NE, svátek: 08.00 – 12.00"
"Náchod, Hronov, Červený Kostelec, Nové Město nad Metují",26. 01. a 27. 01.,MDDr. Michal Jánský,573868,Náchod,Bartoňova,1006,+420491421604,"SO,NE, svátek: 08.00 – 12.00"
"Náchod, Hronov, Červený Kostelec, Nové Město nad Metují",02. 02. a 03. 02.,MUDr. Hana Jelenová,573868,Náchod,Denisovo nábřeží,665,+420491431104,"SO,NE, svátek: 08.00 – 12.00"
"Náchod, Hronov, Červený Kostelec, Nové Město nad Metují",09. 02. a 10. 02.,MUDr. Vlasta Hýblová,573868,Náchod,Hálkova,367,+420491428636,"SO,NE, svátek: 08.00 – 12.00"
"Náchod, Hronov, Červený Kostelec, Nové Město nad Metují",16. 02. a 17. 02.,MUDr. Petr Juran,574279,Nové Město nad Metují,Komenského,10,+420491472721,"SO,NE, svátek: 08.00 – 12.00"
"Náchod, Hronov, Červený Kostelec, Nové Město nad Metují",23. 02. a 24. 02.,MUDr. Anna Klikarová,574082,Hronov,Náměstí ČSA,69,+420491482700,"SO,NE, svátek: 08.00 – 12.00"
"Náchod, Hronov, Červený Kostelec, Nové Město nad Metují",02. 03. a 03. 03.,MUDr. Jan Klimek,573868,Náchod,Českých bratří,407,+420491427603,"SO,NE, svátek: 08.00 – 12.00"
"Náchod, Hronov, Červený Kostelec, Nové Město nad Metují",09. 03. a 10. 03.,MDDr. Martin Kyselý – Frydent s.r.o.,574287,Nový Hrádek,Rokolská,123,+420495217195,"SO,NE, svátek: 08.00 – 12.00"
"Náchod, Hronov, Červený Kostelec, Nové Město nad Metují",16. 03. a 17. 03.,MUDr. Jana Malíková,573868,Náchod,Denisovo nábřeží,665,+420491428885,"SO,NE, svátek: 08.00 – 12.00"
"Náchod, Hronov, Červený Kostelec, Nové Město nad Metují",23. 03. a 24.03.,MDDr. Jan Petřík – P3K DENTAL s.r.o.,573868,Náchod,Kamenice ,113,+420724086199,"SO,NE, svátek: 08.00 – 12.00"
"Náchod, Hronov, Červený Kostelec, Nové Město nad Metují",30. 03. a 31.03.,MUDr. Eliška Pištorová,574279,Nové Město nad Metují,Komenského,72,+420491472923,"SO,NE, svátek: 08.00 – 12.00"
"Náchod, Hronov, Červený Kostelec, Nové Město nad Metují",06. 04. a 07.04.,MUDr. Jarmila Podškubková,573965,Červený Kostelec,Větrník,720,+420491462331,"SO,NE, svátek: 08.00 – 12.00"
"Náchod, Hronov, Červený Kostelec, Nové Město nad Metují",13. 04. a 14. 04.,Zubní praxe s.r.o. - MUDr. Radka Prouzová,573868,Náchod,Jugoslávská,33,+420602234217,"SO,NE, svátek: 08.00 – 12.00"
"Náchod, Hronov, Červený Kostelec, Nové Město nad Metují",19. 04.,MDDr. Lucie Škodová Třísková,573868,Náchod,Krásnohorské,672,+420737449355,"SO,NE, svátek: 08.00 – 12.00"
"Náchod, Hronov, Červený Kostelec, Nové Město nad Metují",20. 04. a 21. 04.,MUDr. Simona Ságlová Ph.D.,574279,Nové Město nad Metují,Malecí,,+420491520373,"SO,NE, svátek: 08.00 – 12.00"
"Náchod, Hronov, Červený Kostelec, Nové Město nad Metují",22. 04.,MUDr. Jarmila Vokůrková,573965,Červený Kostelec,Větrník,720,+420491462331,"SO,NE, svátek: 08.00 – 12.00"
"Náchod, Hronov, Červený Kostelec, Nové Město nad Metují",27. 04. a 28. 04.,MUDr. Vladimír Semerák - MUDr. Semerák - MUDr. Štrasová s.r.o.,573868,Náchod,Denisovo nábřeží,665,+420491424921,"SO,NE, svátek: 08.00 – 12.00"
"Náchod, Hronov, Červený Kostelec, Nové Město nad Metují",01. 05.,MUDr. Ivana Vejmolová s.r.o.,547646,Velké Poříčí,Náchodská,548,+420491482000,"SO,NE, svátek: 08.00 – 12.00"
"Náchod, Hronov, Červený Kostelec, Nové Město nad Metují",04. 05. a 05. 05.,MUDr. Jiří Sedláček,573868,Náchod,Kostelecká,1204,+420491426926,"SO,NE, svátek: 08.00 – 12.00"
"Náchod, Hronov, Červený Kostelec, Nové Město nad Metují",08. 05.,MUDr. Alois Vejmola s.r.o.,573868,Náchod,Palackého,20,+420491424524,"SO,NE, svátek: 08.00 – 12.00"
"Náchod, Hronov, Červený Kostelec, Nové Město nad Metují",11. 05. a 12. 05.,MUDr. Radmila Sedláčková MSc,573868,Náchod,Kostelecká,1204,+420491426926,"SO,NE, svátek: 08.00 – 12.00"
"Náchod, Hronov, Červený Kostelec, Nové Město nad Metují",18. 05. a 19. 05.,Lékař stomatolog Jurii Shmai - JuALDent s.r.o.,573965,Červený Kostelec,Burdychových,325,+420491463237,"SO,NE, svátek: 08.00 – 12.00"
"Náchod, Hronov, Červený Kostelec, Nové Město nad Metují",25. 05. a 26.05.,Stomatologie RZ spol. s r.o. -MDDr. Lubomír Šeda,574279,Nové Město nad Metují,Komenského,72,+420491472946,"SO,NE, svátek: 08.00 – 12.00"
"Náchod, Hronov, Červený Kostelec, Nové Město nad Metují",01.06. a 02. 06.,MDDr. Lucie Škodová Třísková,573868,Náchod,Krásnohorské,672,+420737449355,"SO,NE, svátek: 08.00 – 12.00"
"Náchod, Hronov, Červený Kostelec, Nové Město nad Metují",08. 06. a 09. 06.,MUDr. Jana Šnajdrová,547646,Velké Poříčí,Náchodská,548,+420491852850,"SO,NE, svátek: 08.00 – 12.00"
"Náchod, Hronov, Červený Kostelec, Nové Město nad Metují",15. 06. a 16. 06.,MUDr. Jan Šnajdr,547646,Velké Poříčí,Náchodská,548,+420777905047,"SO,NE, svátek: 08.00 – 12.00"
"Náchod, Hronov, Červený Kostelec, Nové Město nad Metují",22. 06. a 23. 06.,MUDr. Jana Šťovíčková,573868,Náchod,Denisovo nábřeží,665,+420491423748,"SO,NE, svátek: 08.00 – 12.00"
"Náchod, Hronov, Červený Kostelec, Nové Město nad Metují",29. 06. a 30. 06.,MUDr. Tereza Štrasová – MUDr. Semerák - MUDr. Štrasová s.r.o.,573868,Náchod,Denisovo nábřeží,665,+420491424921,"SO,NE, svátek: 08.00 – 12.00"
"Náchod, Hronov, Červený Kostelec, Nové Město nad Metují",05. 07.,MUDr. Jana Vaňková,573965,Červený Kostelec,Sokolská,215,+420491463421,"SO,NE, svátek: 08.00 – 12.00"
"Náchod, Hronov, Červený Kostelec, Nové Město nad Metují",06. 07. a 07.07.,MUDr. Jana Vaňková,573965,Červený Kostelec,Sokolská,215,+420491463421,"SO,NE, svátek: 08.00 – 12.00"
"Náchod, Hronov, Červený Kostelec, Nové Město nad Metují",13. 07. a 14. 07.,MUDr. Alois Vejmola s.r.o.,573868,Náchod,Palackého,20,+420491424524,"SO,NE, svátek: 08.00 – 12.00"
"Náchod, Hronov, Červený Kostelec, Nové Město nad Metují",20. 07. a 21. 07.,MUDr. Ivana Vejmolová s.r.o.,547646,Velké Poříčí,Náchodská,548,+420491482000,"SO,NE, svátek: 08.00 – 12.00"
"Náchod, Hronov, Červený Kostelec, Nové Město nad Metují",27. 07. a 28. 07,MUDr. Jarmila Vokůrková,573965,Červený Kostelec,Větrník,720,+420491462331,"SO,NE, svátek: 08.00 – 12.00"
"Náchod, Hronov, Červený Kostelec, Nové Město nad Metují",03. 08. a 04. 08.,MUDr. Alena Zdražilová,573868,Náchod,Denisovo nábřeží,665,+420491427548,"SO,NE, svátek: 08.00 – 12.00"
"Náchod, Hronov, Červený Kostelec, Nové Město nad Metují",10. 08. a 11. 08.,MUDr. Blanka Filipová,574279,Nové Město nad Metují,Komenského,10,+420491472721,"SO,NE, svátek: 08.00 – 12.00"
"Náchod, Hronov, Červený Kostelec, Nové Město nad Metují",17. 08. a 18. 08.,MDDr. Lenka Brousková,573868,Náchod,Kamenice,113,+420724086199,"SO,NE, svátek: 08.00 – 12.00"
"Náchod, Hronov, Červený Kostelec, Nové Město nad Metují",24. 08. a 25.08.,MUDr. Renata Čábelková,574082,Hronov,Jiřího z Poděbrad,937,+420491482911,"SO,NE, svátek: 08.00 – 12.00"
"Náchod, Hronov, Červený Kostelec, Nové Město nad Metují",31. 08. a 01.09.,MUDr. Tomáš Žďárský,574023,Dolní Radechová,Náchodská,240,+420491424322,"SO,NE, svátek: 08.00 – 12.00"
"Náchod, Hronov, Červený Kostelec, Nové Město nad Metují",07. 09. a 08. 09.,MUDr. Blanka Grummichová,573868,Náchod,Palachova,1742,+420724013123,"SO,NE, svátek: 08.00 – 12.00"
"Náchod, Hronov, Červený Kostelec, Nové Město nad Metují",14. 09. a 15. 09.,MUDr. Blanka Hulánová,574279,Nové Město nad Metují,Smetanova,144,+420491428502,"SO,NE, svátek: 08.00 – 12.00"
"Náchod, Hronov, Červený Kostelec, Nové Město nad Metují",21. 09. a 22. 09.,MUDr. Milan Hýbl,573868,Náchod,Hálkova,367,+420491428636,"SO,NE, svátek: 08.00 – 12.00"
"Náchod, Hronov, Červený Kostelec, Nové Město nad Metují",28. 09. a 29.09,MDDr. Tomáš Hýbl,573868,Náchod,Hálkova,367,+420491428636,"SO,NE, svátek: 08.00 – 12.00"
"Náchod, Hronov, Červený Kostelec, Nové Město nad Metují",05. 10. a 06. 10.,MUDr. Vlasta Hýblová,573868,Náchod,Hálkova,367,+420491428636,"SO,NE, svátek: 08.00 – 12.00"
"Náchod, Hronov, Červený Kostelec, Nové Město nad Metují",12. 10. a 13. 10.,MUDr. Ludmila Jánská,573868,Náchod,Bartoňova,1006,+420491421604,"SO,NE, svátek: 08.00 – 12.00"
"Náchod, Hronov, Červený Kostelec, Nové Město nad Metují",19. 10. a 20. 10.,MDDr. Michal Jánský,573868,Náchod,Bartoňova,1006,+420491421604,"SO,NE, svátek: 08.00 – 12.00"
"Náchod, Hronov, Červený Kostelec, Nové Město nad Metují",26. 10 a 27. 10.,MUDr. Hana Jelenová,573868,Náchod,Denisovo nábřeží,665,+420491431104,"SO,NE, svátek: 08.00 – 12.00"
"Náchod, Hronov, Červený Kostelec, Nové Město nad Metují",28. 10.,MUDr. Tereza Štrasová – MUDr. Semerák - MUDr. Štrasová s.r.o.,573868,Náchod,Denisovo nábřeží,665,+420491424921,"SO,NE, svátek: 08.00 – 12.00"
"Náchod, Hronov, Červený Kostelec, Nové Město nad Metují",02. 11. a 03. 11.,MUDr. Miroslava Jirmanová,574279,Nové Město nad Metují,Komenského,48,+420491472947,"SO,NE, svátek: 08.00 – 12.00"
"Náchod, Hronov, Červený Kostelec, Nové Město nad Metují",09. 11. a 10. 11.,MUDr. Petr Juran,574279,Nové Město nad Metují,Komenského,10,+420491472721,"SO,NE, svátek: 08.00 – 12.00"
"Náchod, Hronov, Červený Kostelec, Nové Město nad Metují",16. 11. a 17. 11,MUDr. Anna Klikarová,574082,Hronov,Náměstí ČSA,69,+420491482700,"SO,NE, svátek: 08.00 – 12.00"
"Náchod, Hronov, Červený Kostelec, Nové Město nad Metují",23. 11. a 24. 11.,MUDr. Jan Klimek,573868,Náchod,Českých bratří,407,+420491427603,"SO,NE, svátek: 08.00 – 12.00"
"Náchod, Hronov, Červený Kostelec, Nové Město nad Metují",30. 11. a 01. 12.,MDDr. Martin Kyselý – Frydent s.r.o.,574287,Nový Hrádek,Rokolská,123,+420495217195,"SO,NE, svátek: 08.00 – 12.00"
"Náchod, Hronov, Červený Kostelec, Nové Město nad Metují",07. 12. a 08. 12.,MUDr. Jana Malíková,573868,Náchod,Denisovo nábřeží,665,+420491428885,"SO,NE, svátek: 08.00 – 12.00"
"Náchod, Hronov, Červený Kostelec, Nové Město nad Metují",14. 12. a 15. 12.,MDDr. Jan Petřík – P3K DENTAL s.r.o.,573868,Náchod,Kamenice ,113,+420724086199,"SO,NE, svátek: 08.00 – 12.00"
"Náchod, Hronov, Červený Kostelec, Nové Město nad Metují",21. 12. a 22. 12.,MUDr. Eliška Pištorová,574279,Nové Město nad Metují,Komenského,72,+420491472923,"SO,NE, svátek: 08.00 – 12.00"
"Náchod, Hronov, Červený Kostelec, Nové Město nad Metují",24. 12.,MUDr. Jana Šťovíčková,573868,Náchod,Denisovo nábřeží,665,+420491423748,"SO,NE, svátek: 08.00 – 12.00"
"Náchod, Hronov, Červený Kostelec, Nové Město nad Metují",25. 12.,MUDr. Jana Šnajdrová,547646,Velké Poříčí,Náchodská,548,+420491852850,"SO,NE, svátek: 08.00 – 12.00"
"Náchod, Hronov, Červený Kostelec, Nové Město nad Metují",26. 12.,MUDr. Jan Šnajdr,547646,Velké Poříčí,Náchodská,548,+420777905047,"SO,NE, svátek: 08.00 – 12.00"
"Náchod, Hronov, Červený Kostelec, Nové Město nad Metují",28. 12. a 29. 12.,MUDr. Jarmila Podškubková,573965,Červený Kostelec,Větrník,720,+420491462331,"SO,NE, svátek: 08.00 – 12.00"
"Náchod, Hronov, Červený Kostelec, Nové Město nad Metují",01.01.2020,MUDr. Alena Zdražilová,573868,Náchod,Denisovo nábřeží,665,+420491427548,"SO,NE, svátek: 08.00 – 12.00"
"Náchod, Hronov, Červený Kostelec, Nové Město nad Metují",04. 01. – 05. 01. 2020,Zubní praxe s.r.o. - MUDr. Radka Prouzová,573868,Náchod,Jugoslávská,33,+420602234217,"SO,NE, svátek: 08.00 – 12.00"
"Náchod, Hronov, Červený Kostelec, Nové Město nad Metují",11. 01. a 12. 01.,MUDr. Simona Ságlová Ph.D.,574279,Nové Město nad Metují,Malecí,,+420491520373,"SO,NE, svátek: 08.00 – 12.00"
Nový Bydžov,05. 01.,MUDr. Jan Švorc,570109,Chlumec nad Cidlinou,Jungmannova,114,+420495485823,"SO,NE, svátek: 07.00 – 13.00"
Nový Bydžov,12. 01.,STOMATOLOGIE NECHANICE s.r.o. - MDDr. Michal Prokop,570451,Nechanice,,60,+420725433133,"SO,NE, svátek: 07.00 – 13.00"
Nový Bydžov,19. 01.,MUDr. Létal Lukáš,570508,Nový Bydžov,Jungmanna,1575,+420495490779,"SO,NE, svátek: 07.00 – 13.00"
Nový Bydžov,26. 01.,MUDr. Rezníčková Lenka,570109,Chlumec nad Cidlinou,Jungmannova,114,+420495485711,"SO,NE, svátek: 07.00 – 13.00"
Nový Bydžov,02. 02.,"MUDr. Marcela Šafářová, s.r.o.",570508,Nový Bydžov,Havlíčkova,119,+420495492457,"SO,NE, svátek: 07.00 – 13.00"
Nový Bydžov,09. 02.,MUDr. Fišerová Jaroslava,570109,Chlumec nad Cidlinou,Pražská,94,+420606934280,"SO,NE, svátek: 07.00 – 13.00"
Nový Bydžov,16. 02.,MUDr. Loudová Michaela,570508,Nový Bydžov,Jungmanna,1575,+420495493521,"SO,NE, svátek: 07.00 – 13.00"
Nový Bydžov,23. 02.,MUDr. Hanušová Eva,570508,Nový Bydžov,Jungmanna,1575,+420495493496,"SO,NE, svátek: 07.00 – 13.00"
Nový Bydžov,02. 03.,MUDr. Víšková Eva,570109,Chlumec nad Cidlinou,Pražská,93,+420604162283,"SO,NE, svátek: 07.00 – 13.00"
Nový Bydžov,09. 03.,MDDr. Josef Beneš – dents-denticulus s.r.o.,570508,Nový Bydžov,Husova tř. ,1168,+420607079911,"SO,NE, svátek: 07.00 – 13.00"
Nový Bydžov,16. 03.,MDDr. Kopecká Eliška,570109,Chlumec nad Cidlinou,Pražská,94,+420724885423,"SO,NE, svátek: 07.00 – 13.00"
Nový Bydžov,23. 03.,MUDr. Létal Lukáš,570508,Nový Bydžov,Jungmanna,1575,+420495490779,"SO,NE, svátek: 07.00 – 13.00"
Nový Bydžov,30. 03.,MUDr. Jan Švorc,570109,Chlumec nad Cidlinou,Jungmannova,114,+420495485823,"SO,NE, svátek: 07.00 – 13.00"
Nový Bydžov,06. 04.,STOMATOLOGIE NECHANICE s.r.o. - MDDr. Michal Prokop,570451,Nechanice,,60,+420725433133,"SO,NE, svátek: 07.00 – 13.00"
Nový Bydžov,13. 04.,MUDr. Marie Novotná,570508,Nový Bydžov,Revoluční ,232,+420495491468,"SO,NE, svátek: 07.00 – 13.00"
Nový Bydžov,20. 04.,MUDr. Rezníčková Lenka,570109,Chlumec nad Cidlinou,Jungmannova,114,+420495485711,"SO,NE, svátek: 07.00 – 13.00"
Nový Bydžov,27. 04.,"MUDr. Marcela Šafářová, s.r.o.",570508,Nový Bydžov,Havlíčkova,119,+420495492457,"SO,NE, svátek: 07.00 – 13.00"
Nový Bydžov,04. 05.,MUDr. Fišerová Jaroslava,570109,Chlumec nad Cidlinou,Pražská,94,+420606934280,"SO,NE, svátek: 07.00 – 13.00"
Nový Bydžov,11. 05.,MUDr. Hanušová Eva,570508,Nový Bydžov,Jungmanna,1575,+420495493496,"SO,NE, svátek: 07.00 – 13.00"
Nový Bydžov,18. 05.,MUDr. Loudová Michaela,570508,Nový Bydžov,Jungmanna,1575,+420495493521,"SO,NE, svátek: 07.00 – 13.00"
Nový Bydžov,25. 05.,MUDr. Víšková Eva,570109,Chlumec nad Cidlinou,Pražská,93,+420604162283,"SO,NE, svátek: 07.00 – 13.00"
Nový Bydžov,01. 06.,MDDr. Josef Beneš – dents-denticulus s.r.o.,570508,Nový Bydžov,Husova tř. ,1168,+420607079911,"SO,NE, svátek: 07.00 – 13.00"
Nový Bydžov,08. 06.,MDDr. Kopecká Eliška,570109,Chlumec nad Cidlinou,Pražská,94,+420724885423,"SO,NE, svátek: 07.00 – 13.00"
Nový Bydžov,15. 06.,MUDr. Marie Novotná,570508,Nový Bydžov,Revoluční ,232,+420495491468,"SO,NE, svátek: 07.00 – 13.00"
Nový Bydžov,22. 06.,MUDr. Jan Švorc,570109,Chlumec nad Cidlinou,Jungmannova,114,+420495485823,"SO,NE, svátek: 07.00 – 13.00"
Nový Bydžov,29. 06.,STOMATOLOGIE NECHANICE s.r.o. - MDDr. Michal Prokop,570451,Nechanice,,60,+420725433133,"SO,NE, svátek: 07.00 – 13.00"
Hradec Králové,01. 01.-31.12. ,Stomatologická klinika Fakultní nemocnice Hradec Králové,569810,Hradec Králové,Sokolská ,581,,"všední den: 16.00 – 22.00, SO,NE, svátek: 08.00 – 22.00"
